8fql0JpfzDKLk2ovQ,mdr les buches elles sont coupés bien droite quand meme,2026-03-24T11:10:47Z
UCUR98xp-4Z1jlQLu5etKpcw,Mr beast you again challenge the zalmi on astola island in 100 hours,2026-03-24T11:10:16Z
UCeOGp4YXgBp6oIyRhj5Gj-w,I love u mrbeast❤❤❤❤,2026-03-24T11:09:58Z
UCkCfa5GlYW3euCDXfmciFow,the like.......,2026-03-24T11:09:51Z
UC-um5Jerak6QrXLA6yiAacw,I am from Bangladesh❤,2026-03-24T11:08:10Z
UCpPhEnn70mognWqgyPbd5pw,I want in show,2026-03-24T11:07:45Z
UCWLVIFtIupF8i-eRTU9MrLw,Доел за егориком,2026-03-24T11:06:14Z
UCnJVLEw3gR7f1Dnb3XtMW7g,А зачем ты украл идею у Егорика?,2026-03-24T11:05:58Z
UCGPw74LcTBGZDKLrhUw3SCw,Mrbeast give me some money plssssssss❤❤❤❤❤❤,2026-03-24T11:05:29Z
UC6huwTa9poR2l69N44Kg1Xg,Give me one chance,2026-03-24T11:05:23Z
UCKptpb3OdfrboTGEG9pqsAA,suara nya beda,2026-03-24T11:04:54Z
UC6huwTa9poR2l69N44Kg1Xg,Your challenge accepted Mr.Beast,2026-03-24T11:04:47Z
UCPU9869TR7mj2C7X0DpvCMg,Pengisi suara di Indonesia beda,2026-03-24T11:04:24Z
UC5jKfHOZnYY_lJUI4TGPVUQ,darius have a lot of chans his black for africa,2026-03-24T11:04:22Z
UCq_6AFSzXhAQUFyYycNz6vg,13:41 Mark Robber aura 99999+😮😮,2026-03-24T11:04:04Z
UCCIMdNAKdEFV7ySjR2khL0A,Yeah,2026-03-24T11:03:59Z
UCaio9MNP1HdYB5EtCZ3Ja1g,Day 10 of asking to be in a video,2026-03-24T11:03:52Z
UCF1-JTN3N-IbFWUo4YxMifg,"Yes, but don’t make it too dangerous",2026-03-24T11:03:50Z
UCba7cadi2NtiqEqlavdUpSw,Help me please,2026-03-24T11:03:32Z
UCL3S9oKlodLjdwS0EoolfxA,Mrbeast anh có thể cho tui 8000 đô là để trả nợ đc ko,2026-03-24T11:03:22Z
UCjn44g1gqpCZQ33P-_XCQ_g,its like moana but better,2026-03-24T11:03:14Z
UCCIMdNAKdEFV7ySjR2khL0A,Anybody wanna talk,2026-03-24T11:03:11Z
UCaKCqgycAj4shNGzMYRLoWw,Мистер бист начал копировать у Егорика😂😂,2026-03-24T11:03:02Z
UCCIMdNAKdEFV7ySjR2khL0A,Hi,2026-03-24T11:02:57Z
UCq_6AFSzXhAQUFyYycNz6vg,12:05 Ye Mr Indian Hacker ne bahut pahle hi kar diya tha 😂😂😂,2026-03-24T11:01:58Z
UC25cbY2K0ol5sSZgIuJ7FRA,Insane...,2026-03-24T11:01:40Z
UCmZWaNjbEH57aQy-8VsjWmg,Superfr,2026-03-24T11:01:40Z
UCRBIihyazv3IAUaqT8zeKfA,Halo,2026-03-24T11:00:57Z
UCB8sOsPV_IcwH7yNP-g6pgg,Kok suaranya beda😢,2026-03-24T11:00:55Z
UCF1FD3m7korTNbhrOlt-TDA,Need i phone,2026-03-24T11:00:43Z
UC-j1owq6bDfRfivMQxhj3YA,"If it weren't for Darius, we would never have seen Mr. Beast again.",2026-03-24T11:00:36Z
UCoirEPUukjGZWnIMnLYBHsg,У егорика спиздил,2026-03-24T11:00:18Z
UCOT9virSWGtUhs9AH7hP9uw,ini yang nge dub beda orang ya?,2026-03-24T11:00:14Z
UCFhInYpGwFlo-51I47B1HIw,"понятно, у егорика украл видос",2026-03-24T10:59:58Z
UC5GTiDPjPb0x-unS62ocwIA,"Такие клоуны, для кого этот глупый контент ⁉️",2026-03-24T10:59:54Z
UCosLwP7Z7f5UCJ8sHB_NIkg,হার জিত এটা জিবণের অংশ,2026-03-24T10:59:32Z
UCkzsiazfyuD8y5_y6oADyLw,"Miss the videos like this, I feel like jimmy has gotten too focused on the giving money away rather than just doing challenges with the boys like the good ole times looking forward to more of these",2026-03-24T10:59:08Z
UCjAVAmBZvnckvuMxPDmIP1w,Please 10k subscribers complete Mr beast fan😢😢😢,2026-03-24T10:58:54Z
UCcZh4ForkzUtWAXQM18gcdQ,Safelyest lighting a fire 🔥,2026-03-24T10:58:35Z
UC6NiM6P1a6QudAOYLhVkWOg,Videos never disappointing 🫶 Also Enhypen is 7 ❤,2026-03-24T10:58:29Z
UCRU_izcCrDGKaHNjl-OK-Kw,bros getting these ideas from rblx😭 I swear next video gonna be surviving 99 nights in a forest ✌️,2026-03-24T10:58:04Z
UCB_6mzNNoqITtg1KDBrULPw,Кто то взял идею у Егорика,2026-03-24T10:57:50Z
UCP31LLT8gxr1gaSZeMcPY3w,Lesson of this video: throw trash in the ocean because it might help mrbeast 😂😂😂,2026-03-24T10:57:09Z
UC13N7hPko_aFj8SZ8pK3dmg,🥹🥹🥹,2026-03-24T10:57:00Z
UCpJQVUp2OInDO1QHyLpK9SA,W Darious,2026-03-24T10:56:21Z
UCop7xD5wO9QZrgToRHxdklg,Whose missing karl😢,2026-03-24T10:55:40Z
UCK_ZOT9se_jc6QfAFF7uxDA,if you pin me i will sub your all chanel,2026-03-24T10:55:26Z
UCBQoAWE2RTIMoTmSvI9E8lw,From Bangladesh 🇧🇩✊,2026-03-24T10:55:14Z
UCU7fIR7Ppn2W3tS60Ny4baA,darius mvp,2026-03-24T10:54:21Z
UClcH8-1k5rII-Pd2HVRQDwA,naruto remake?,2026-03-24T10:54:16Z
UCrNDdhPU4OHRRdyw0HUaySg,How can I join the next challenge please 😊,2026-03-24T10:54:07Z
UCt_TPiYEakbBNAO8KEjpSqg,Почему тут расизм оператор это бедный африканский человек,2026-03-24T10:53:24Z
UCfln8Re61vn_0a8c3wZSzUg,So the plan was to rely on the possibility of finding barrels in the trash which might have ended up on the island? hmm,2026-03-24T10:53:16Z
UCf71CjsJQrrB5eNodJf-NBQ,Я один зашел сюда что бы увидеть комент егорика,2026-03-24T10:53:04Z
UCbdVjBwuVlVmU_684JEYY1w,Egor Shkred,2026-03-24T10:52:20Z
UCrx6W80iwCxVmWB4j8i1SVw,OP!!!,2026-03-24T10:52:18Z
UC-kURoldc-ISHpMjwbEHCUQ,Darius must be a prominent member!!!!!!!!!!!!!!!!!!!!!!!!!!!!!!,2026-03-24T10:52:13Z
UC3Xm3q-GBLiV5xybtE9rAxQ,Are you going,2026-03-24T10:52:09Z
UCR2On0093cKMNuR8ywpbIWw,Почему не кто не говорит что он скопировал контент у егорика😂,2026-03-24T10:51:56Z
UCU78HF_ava2B9ZRx4ZMKu4w,u do a lot more and to melt plastic it needs to go strait to the fire,2026-03-24T10:51:50Z
UCb_uk6yuAH2fw2hxN_obWsQ,Первый раз в жизни посмотрел что-то на этом канале. Меня хватило на 5 минут. Ничего скучнее и тупее я ещё не видел.,2026-03-24T10:51:42Z
UCFEJOfarehjd2BFgSJD-apw, Hi Mr beast 2026,2026-03-24T10:51:29Z
UCYljLuYHJVMTIIjYuc6oYKQ,lDoNT NO,2026-03-24T10:51:23Z
UCDSRJbaGCShEqGY60rTtsbw,Mrbeast pls 1000$,2026-03-24T10:50:43Z
UC0JUeOtm3BhJaO9tnxf3EqQ,Hello camera sen Mr beast bhaiya,2026-03-24T10:50:39Z
UCpK3iaRNTSTGZuSoPeCH1pg,More darius,2026-03-24T10:50:38Z
UCx1I5zXLQpn1dUJtfs-9qmw,bro whats goingon your views are hnnnnn,2026-03-24T10:50:08Z
UCjlN3fWE5XPmjhvjKz6NMvQ,А где Макс? Саня? Аслан? Где принципы? Где шнек?,2026-03-24T10:49:39Z
UCAV7aQXce6mItFGy6VRnU-Q,Hii @mrBeast,2026-03-24T10:49:04Z
UCW3a_oHhJe3NwmNSckK6ADA,Mr beast you have 150M subscriber I have subscribed you please give me I phone please my dreams complete I am form India Up Mathura banana awa khera😢,2026-03-24T10:49:02Z
UC8sFisUEPYjNGhK9YOgN3tg,Yes!!!,2026-03-24T10:48:59Z
UCkHMGYitTMyKOab_Z3aqVJg,Bro more videos want,2026-03-24T10:48:50Z
UC-kURoldc-ISHpMjwbEHCUQ,WHY DID THEY NEED A SAIL?,2026-03-24T10:48:37Z
UCpVYm5NRGsoVuytD5XawPWw,nice tedybear cenler,2026-03-24T10:48:29Z
UCCDIMrD0LUIEGTerjpoyS3Q,I Lived in pakistand But i watched mr beast vlog bcz Mr beast is best vlogger and youtuber 🥹,2026-03-24T10:48:12Z
UCT4STbBnQrCd8h5pptGaK4w,"Hello, i am from Greece and i think its a very good idea to do a chalenge/ Survival în Creta. Its verry beautiful, we are waiting you 😁😁

Ps: maybe I could help ( I am 12 years old) I have special abilites and I could help you see the place 😁😁",2026-03-24T10:47:25Z
UCIio1cb_hS0jocIduhPJGuw,Camera man and that other person that came as a guide i forgot his name they literally carried mr beast and his team,2026-03-24T10:47:21Z
UCD5EntqNL3h-kRbNE5Exa-w,😞 Don't warry but 😢,2026-03-24T10:47:18Z
UCynSK0r1wAAvGKP4iZ3YlzA,Find myself,2026-03-24T10:47:17Z
UCoDDPD00u-tmmtWvRI1VKiA,I want to join,2026-03-24T10:47:08Z
UC8sFisUEPYjNGhK9YOgN3tg,Darius deffo got a raise after this,2026-03-24T10:46:49Z
UCynSK0r1wAAvGKP4iZ3YlzA,Come in India and meet me,2026-03-24T10:46:39Z
UCSKbI-rFnvJVbv15NHFixxg,yes,2026-03-24T10:46:28Z
UCMmDqEFlUXKjCv-04LZOUXw,Do my challeng stay for 24 hour on the most dangerous island plssssss,2026-03-24T10:45:18Z
UCdcA59e0mSmugpTw5HAJo4w,"I love your camera man
❤Darius❤",2026-03-24T10:45:09Z
UCDHnBi9aXPF43KtRvh7U0Dw,Come back Darius !!!!!,2026-03-24T10:44:14Z
UCvcLWiuDTdHU6ZEOh7DkoBQ,i hope to see DARRIUS in the next video,2026-03-24T10:43:42Z
UCaKhdso9nuQ_l9sUx-fi7sA,"Why do I feel defeated and want to cry?
Darius really did his absolute best
Better luck next time guys 😓",2026-03-24T10:42:55Z
UCWZh6lHusqikpuqebKXkcZQ,Што пачему всё заготовлено заранее хаха,2026-03-24T10:41:41Z
UCRhQ25ZRNnsFNIRI_MpJR6Q,Revenge and part 2,2026-03-24T10:41:27Z
UCS9xKoGcL5O22edoQopQlBA,this video totally screpted,2026-03-24T10:41:18Z
UCMI5S9f_ZMwvyuIzE919aMA,Yes go with boys and adventure and videos,2026-03-24T10:40:24Z
UCPOLLF9ghHPWoenlwUkevLA,Where is the karl,2026-03-24T10:40:10Z
UCAPGYg4Wy7j6CUF6OBZihTg,Bro tiktok per be your big fan,2026-03-24T10:40:06Z
UCFJ8l1uMOC6HSLIHhehXbbw,"저는 구독자 87명입니다 
구독자수 부럽네요 ㅎㅎㅎ",2026-03-24T10:39:53Z
UCAPGYg4Wy7j6CUF6OBZihTg,Big fan,2026-03-24T10:39:44Z
UCrGEpBOyUMVEWN2H1fNGgtA,я думал новая серия егорика,2026-03-24T10:39:34Z
UCMFdc2f6UkqaRgs9hxITK9Q,"Hii mrBeast ❤
Cameraman good done 👍",2026-03-24T10:39:25Z
UCof8Yz5cYhiIeOQpojGcZhQ,"Cameraman never dies 
Bring him out more",2026-03-24T10:39:25Z
UCUNwUWhklJFjCC9pszgPsng,Darius the goat if he's in the video in the next episode that'd would be bangers.,2026-03-24T10:39:04Z
UCyC8FLJxvWWGV1FDPNgTTpg,Susranya jadi beda jir😭😭😭 btw indo sendiri😊😊,2026-03-24T10:38:54Z
UCYZNgRWBrZakFWRfxIs47CA,"Please give me an iPhone too, MrBeast. I am from India.",2026-03-24T10:38:38Z
UC_cbGwKUV0B0dy-UrO1yw3A,Build a boat refrence,2026-03-24T10:38:22Z
UCTUarIYkDyW16spv56DCEbA,😮jxu,2026-03-24T10:38:21Z
UCTUarIYkDyW16spv56DCEbA,😢,2026-03-24T10:38:11Z
UC31RG4nch5464s4J7A_m2Dg,Идею у егорика украл,2026-03-24T10:38:06Z
UCVqDJVxvE2gn5_nhDmQ1-4w,You are best in the world mr beast❤,2026-03-24T10:37:54Z
UCyXf6EseG1Yc7hmoiU4sskw,MEET MAYAFORBEAST,2026-03-24T10:37:49Z
UCORJM7RSBhVl_mx_fLoIsCQ,🎉🎉🎉,2026-03-24T10:37:40Z
UCMa3Kc9n6NWb--DQY0-lavQ,Darius is the goat man he carried,2026-03-24T10:37:34Z
UCTUarIYkDyW16spv56DCEbA,@ @@@@,2026-03-24T10:37:29Z
UCTUarIYkDyW16spv56DCEbA,"19:22 




19:24 






19:26 







19:29",2026-03-24T10:36:56Z
UCGGH23CN013Sl9-kzQq3zRg,Malayalam fans------------------>,2026-03-24T10:36:52Z
UCTUarIYkDyW16spv56DCEbA,"Hello, Dad.









❤",2026-03-24T10:36:37Z
UCEBqjlMCS4ssILBGHm9Vjfw,What about trying it with bigger boat...,2026-03-24T10:36:05Z
UCTUarIYkDyW16spv56DCEbA,Amí bála löst þig ég.ég am bangla löst Typeless. 18:42,2026-03-24T10:35:55Z
UCCeKsgAly1uT-EOHTqfgMaw,Brother come in india❤🎉,2026-03-24T10:35:50Z
UCAAlqRHFjN9f1TmqKizesGA,MrBeast is the best Youtuber in the history ! He changes the world ! Go go go MrBeast ! 🥇,2026-03-24T10:35:28Z
UCji4V1Kv8aAPVdGVtmp0XcA,GIMMEH MY COOKIE,2026-03-24T10:35:23Z
UC0dW3gsP2p_u3gdFHIElsPg,Mr. Beast noted it correctly.,2026-03-24T10:35:02Z
UCOr0dOshzQGH6OjUjHr3zyA,"Pengisi suara Indonesia nya udah di ganti, jadi jelek!",2026-03-24T10:34:56Z
UCk1iOgKQWccy7MpXmQMFrGA,Overacting,2026-03-24T10:34:55Z
UCYiG8CrIdnIIYydR5yrxi6A,The camera man is going crazy,2026-03-24T10:34:51Z
UChCqCUw78ZTJb1yYR9Z1SJw,good,2026-03-24T10:34:09Z
UCrA3bdKTCK89801uaTYj61A,У Егорика повторил,2026-03-24T10:34:06Z
UCTubdaLpyZPcDuQsfkYOSlg,Respect for camera man 💀,2026-03-24T10:33:57Z
UCeXQdV8i9ihO-lUQmb7nkTw,24:18 yeah that's fake,2026-03-24T10:33:48Z
UCI8LwUU4IwOL8uJo-KLNFXw,да ладно там сто проц есть спасатели за кадром не будут они рисковать вон вертушка прилетела,2026-03-24T10:33:27Z
UCCTfMgIc-xvfVQYoZP-wqPQ,I am from nepal and i also want to play one game ❤,2026-03-24T10:33:21Z
UCzIrN-zbchWZzsBmRNPTjYA,I'm new subscriber🔔 for your channel 🎉bro🥹👀,2026-03-24T10:33:07Z
UCSqnhtKzbQ7_ByST1LCdVhg,"My name is Komal and I am from a very poor family in India. My parents are laborers and our home is made of mud. Life is difficult, but I have one dream — to study and change my family’s future.
I want to learn and become something in life, but I cannot afford coaching or proper study resources. Still, I try every day with hope in my heart.
I humbly request a little support for my education. Even a small help can change my life and bring happiness to my parents who work very hard every day.
Thank you for reading my message and for spreading kindness in the world.
— Komal, India",2026-03-24T10:32:51Z
UCAPGYg4Wy7j6CUF6OBZihTg,"I love Darius the cameraman 
He should join more video 
Inshallah",2026-03-24T10:32:45Z
UCT1IDpvmgS_r_PeWtE6pnIA,❤❤mrbeast gadidedo😅,2026-03-24T10:32:24Z
UCj9XGs8uGBJjsqXjpE_R90A,Fallow me,2026-03-24T10:31:50Z
UC5T9pEDdq9zF6vWXJSU6_ZA,"😢😭🙏Hello MrBeast, I truly take no pleasure in having to say this to you, but I am currently going through a very difficult time. I am in the 6th grade, and my school fees are extremely high. My father is the sole earning member of our family, and he struggles to manage our household expenses. I also have a sister who attends school, and her fees must be paid as well. We don't even own a home of our own; we live in a rented house. My father earns just $117, out of which he has to pay my sister's and my school fees; consequently, there is hardly any money left for us to afford decent food or clothing. We don't even have enough money to buy a vehicle. If you wouldn't mind—please, please, please—could you donate a little money to me? If you do this, I will be able to continue my education; otherwise, I will be forced to drop out of school. Thank you. And please, do reply to me.",2026-03-24T10:31:40Z
UCeUJ4InzLMSExWV_kDmWfYg,Mrbeast love your videos I'm in need,2026-03-24T10:30:48Z
UC--J2XHYZHG9cSxihnt5Ksw,доел за егориком,2026-03-24T10:30:47Z
UCCTSIo_jr1tjC1SlZCtHOsQ,เมะสามเคะ1,2026-03-24T10:30:27Z
UC2LPDWZgClxlv8D0nz_26WQ,mr best why you got a fake birb,2026-03-24T10:29:43Z
UCxCwG97auSoOuc5l9_gvVpg,Dude darious is so cool he should definitely join more challenges!,2026-03-24T10:29:35Z
UCj9XGs8uGBJjsqXjpE_R90A,Fallow me chenille,2026-03-24T10:29:24Z
UCU-ZRSeVEi1RgeVSbGhgjng,داريوس وهايز يستحقون هدية لانهم افصل من في الحلقه ❤,2026-03-24T10:28:47Z
UCGHE0_ifHFGh6UzcAEmojIg,هههه,2026-03-24T10:27:17Z
UC4sWdYDOgp6-H_h5wqVNHKA,Agar mai sath hotatho kabi nahi harte app log,2026-03-24T10:27:05Z
UCvYpHUQzXMAqUFEze-qwPPw,"Mr. Beast can you give me 10,000$",2026-03-24T10:26:41Z
UC6MWy6gzSG9jJ0mlOglX2bA,❤❤❤❤❤❤❤❤❤,2026-03-24T10:26:37Z
UCAXR1Uwa5TRNM3HHfBjHF4w,The way they weren’t paddling in unison was driving me nuts,2026-03-24T10:26:32Z
UC_iM3KPrOcI7H0nKPpwmnrw,The video is incomplete without saying about nolan's mom😅😅,2026-03-24T10:26:08Z
UCDt0qGSHkUFNBx9IhQNM3JA,Guys these blue 🛢️ drums were bring here by Mr beast only as you can see in starting the same blue can they carring water in them. So how can a big blue drum can came on an island,2026-03-24T10:26:00Z
UCNRytYnu-Mev42nvhzkCcSw,❤❤❤,2026-03-24T10:25:52Z
UC3qwx050I1ws9IAh3QQ37ZA,Sona 🥺,2026-03-24T10:24:58Z
UCc2VMR16PGSA-vinLCI2xiA,идея разве  не Егорика? Он же это снимал пораньше ? Или я ошибаюсь?,2026-03-24T10:24:49Z
UC5g_O4LOaq86AugWXJcb29w,Pengisi suaranya beda🗿,2026-03-24T10:24:37Z
UCTnrCmzb14WMA4ovlr59fSA,好像没有中国人😅,2026-03-24T10:24:22Z
UCi63UCm4GYHYju-34e6dAng,Nice ❤,2026-03-24T10:24:08Z
UCRVWbgRuLpoHdocPNV9d_Cg,Wow amazing 🎉🎉🎉,2026-03-24T10:23:54Z
UCNTJl06yZ6-7J0cD6HGVRQA,У мистера биста даже шляпа такая же как у пупуни,2026-03-24T10:23:33Z
UCF-P2bNjnw2XQ6qUOmxc8kw,Robinson Crusoe ahh moment,2026-03-24T10:23:19Z
UColbcoxMs6uaQZqP9ZU5jog,I was here in 2026 watching this,2026-03-24T10:23:18Z
UCmmbVYSz5WSrcxXSwmGdJbQ,Yess missed chandler and Im so proud of everyone. This was an awesome video,2026-03-24T10:23:10Z
UCMM-vRHjhyY-1NjLuwFnXBA,"But, where is Wilson ?",2026-03-24T10:23:08Z
UCukpIa8nfoicuaS5zxLQLQg,Please 🙏🙏🥺,2026-03-24T10:23:00Z
UCukpIa8nfoicuaS5zxLQLQg,And Instagram,2026-03-24T10:22:43Z
UCQ9z-A6jj1TGSztzl5WNH3A,BOYUN AĞRISI 67!,2026-03-24T10:21:52Z
UC1F8AdnWqrnnywNDjXTyF2w,Gimi Mani jimi,2026-03-24T10:21:44Z
UCCcH-8-KaSV3nygwD3UdaFw,Hello sar i nedd your help,2026-03-24T10:21:32Z
UCQTSvRE2Cn9ZeeJWc7LY7aA,Pls reaction tera hijau Indonesia 😅,2026-03-24T10:21:06Z
UCz5Hy5tiVRh4xCLTWeyYc3w,hi,2026-03-24T10:21:02Z
UCIjyuWHgV_JSPiZYWrWQWnw,Украл у Егорика 😂😂😂,2026-03-24T10:20:58Z
UCe118hzy6e2rfxezJ054KAQ,Mrbeast can you give me 10000 thousand dollars 💵 please,2026-03-24T10:20:27Z
UCYLT-JzyRg3Qu8vrluzLxgA,How did you all not have any life jackets?,2026-03-24T10:20:00Z
UC_7sVchWohI2q7YRnqZrU6Q,Очень классно все получается,2026-03-24T10:19:22Z
UCmN37UVnm3GJ1G-z8o8CUbg,Am from india,2026-03-24T10:18:57Z
UC0jFfDAQhTiSZcb3d8fElnA,😮😅😅dghfcuivxs,2026-03-24T10:18:45Z
UCyR1I_1LqwgnS1lxOmWs7XA,Darius deserves appreciation,2026-03-24T10:18:22Z
UCmN37UVnm3GJ1G-z8o8CUbg,Mr beast gef me 100000,2026-03-24T10:18:15Z
UCMRi83rMH5Ce3ihsBA_XenA,Воровал у Егориkа😂😂😂,2026-03-24T10:17:47Z
UCrB2KcG9fZ3BRmCu9YKaBng,I have been a subscriber from long time❤️❤️ but I still didn't get any gift from u 😢😢,2026-03-24T10:17:45Z
UCukpIa8nfoicuaS5zxLQLQg,Yes 🥰 beast,2026-03-24T10:17:42Z
UCN9wLYLaTD8D0SJcYeRF9jA,I went into coma to see if there were any comments about Epshti Island.,2026-03-24T10:17:31Z
UCIHOg6MrKnmY60Q-j6XXqdg,honestly I like the videos with people competing for something,2026-03-24T10:16:24Z
UC5KR0W5uHeq_aSUWcOlvP4w,"Until you find a way, make your own path.👍🏻",2026-03-24T10:16:21Z
UCR7-r5qVBFrCWKmP82pxubA,Vote For  Darious Deffo back,2026-03-24T10:16:08Z
UCnL8P_CH43ULKNk_umtSLuw,mistebis,2026-03-24T10:15:52Z
UCUoFyUB1GxFlTq-tqA3GAbg,Bro you just stole the video,2026-03-24T10:15:44Z
UCf13qnBbVMBBTR8zCSDEz9A,Darius did all the hard work hats off bro,2026-03-24T10:15:17Z
UCfxSF_HZ0Nlt4Xz80NLbIpw,feels like a mr beast video again! and Darius we see you❤❤,2026-03-24T10:14:55Z
UCWZXXJYjhAOSXMNubgYpKUw,21:16 а что это виднеется в воде?,2026-03-24T10:14:52Z
UCEo9O2_NY12k82BmBhju0gA,El Quatro,2026-03-24T10:14:39Z
UCIr8L2Kf-XERbyEZbGG-smA,"I watch your videos all the time and you don't help me at all. Time.


मुझे कुछ जरूरत है कुछ $500 help me 😢😢


🎉🎉🎉🎉🎉🎉",2026-03-24T10:14:08Z
UCWLYqfqorjMmdiS6pHcv21A,better luck next time,2026-03-24T10:13:50Z
UC5Ul1e7JMPCsi_fipGQNqng,suara Indonesia jelek,2026-03-24T10:13:19Z
UC5JYr7QEe7-FJpLPmOEy9xQ,Hlo,2026-03-24T10:12:39Z
UCopcm59XUcRAyVFXdz8o2UQ,Where is tareq ? We miss him in this video,2026-03-24T10:12:08Z
UCDq0W2sVfBlq04U0DFnyXLQ,"Im sooo missed for video like this 🤧🤧 New videos fells like... tv show and thats makes me sad. But this video.. i love it. (Sorry for mistakes, my English very bad haha)",2026-03-24T10:11:40Z
UC3RCbwYPOETuXL3MVrfkNYg,Они собирались в остров эпштейна,2026-03-24T10:11:23Z
UCpZtsb0ydoA_BTQbR8qT0wg,Mr Beast Always great❤,2026-03-24T10:11:07Z
UC6rAuNGsoTDMbeFZWzaJKaw,Hello sir I am from India I need your help please help me .,2026-03-24T10:10:59Z
UCNc4_p-BolhzYBjwF7mkyng,SUBSCRIBE 🎉🎉🎉,2026-03-24T10:10:52Z
UCLTcevT_VJlY7wUhNBgYb_A,"Хочу попасть в твое видео, как это сделать?",2026-03-24T10:10:39Z
UCrmRLY5Ds6EVBSJHKFNu5tA,W dairus ❤,2026-03-24T10:10:27Z
UC8PzgltL6YZl4EbIfJBCMIw,You can do this come on🎉,2026-03-24T10:10:00Z
UCf2oGqA470QfZ4W-lfqcgxQ,доел за егориком,2026-03-24T10:09:59Z
UCk6721WOt7tor7_Maorqmrw,❤❤❤,2026-03-24T10:09:46Z
UCpAiDubZ6kQXGChgXT4TU3A,W darius in the replies!!!,2026-03-24T10:08:35Z
UCn7rkuHQwpdnUGCppwVMLnA,w,2026-03-24T10:08:27Z
UCUPmPz9fuzBvGgQDzsJcT2g,Darius is a real one ❤,2026-03-24T10:08:27Z
UCYLT-JzyRg3Qu8vrluzLxgA,Most of the video was scavenging for scrap to build a boat? Welcome to the Rust Deep Sea update...,2026-03-24T10:08:15Z
UCtqTkqSqz_B3tAzkSsFzwBQ,Bro u should make Darius show more in the videos,2026-03-24T10:08:04Z
UCG7RQ8mE2TxrJVEG4eisfGA,Where is Carl?,2026-03-24T10:07:34Z
UCgoTJK68_O1g1P1pUzN3AEA,Tuyệt vời anh ơi❤,2026-03-24T10:07:19Z
UCeOkcGaCJCS65gCPrmWLKxg,Mr beast gimme some money i am kinda poor,2026-03-24T10:07:17Z
UCG7RQ8mE2TxrJVEG4eisfGA,Yes,2026-03-24T10:06:59Z
UCA33Y7soFPyGp6R2aFRU3NQ,"7:09 who’s filming? If that’s the cameraman?!🥹 
Edit:1 I didn’t realise drones were a thing mb🥹 wait but who was controlling it?",2026-03-24T10:06:35Z
UCc6VGY6s9ftHRKtT6OxuJdA,All was cooked,2026-03-24T10:06:31Z
UCVUfv4alDZ14JOxZeC4f95w,Why is the Indonesian dubbing sound different?,2026-03-24T10:05:58Z
UCVjwt49yiZazJvf6_m7Doyg,আমি বাংলাদেশ থেকে দেখছি❤,2026-03-24T10:05:14Z
UCewpSN0DaXMWWTktuCx3_eg,Tamil  Dub bro,2026-03-24T10:03:49Z
UCIAIGnZTTsDjmXswMxJPGsg,I hope u should take me the game i am big fan for u,2026-03-24T10:03:33Z
UCXS1VSJr6H4qTSXOq2DOlpg,"""MrBeast sir, please give me 20k indian rupees. I took a loan but I am unable to pay it back. If you are seeing this comment, please sir  help me."" Please 😭😭😭",2026-03-24T10:03:24Z
UCbNvp8wDmTU-pgoh_ZswyYQ,"Hello Mr. Beast, I'm Ahmed Siddiq from Sudan. I have a challenge for you: buy an island in the Nile River and live on Sudanese food. If you don't mind, could you participate in renovating my private secondary school, Bahri Model School, by distributing everything the students need? Do some challenges, and please bring a translator with you as I don't speak English. I use text conversion.",2026-03-24T10:03:03Z
UCoZC4NRVrx1XgyOw9DwbUsw,🙏,2026-03-24T10:03:03Z
UCD-0je38qTOvgyPGPyZPlIw,Who 67,2026-03-24T10:02:39Z
UCdsvzf2pOajWePCoStC3xpg,"Hi MrBeast,

My name is Ace from the Philippines. I know you receive millions of messages, but I’m hoping somehow this one reaches you.

Last month my father passed away after a road accident. He was 62 years old and the main provider for our family. Losing him has been the hardest moment of our lives. Aside from the pain of losing him, we are now struggling to survive without his support.

Right now I work as a driver for 12–15 hours every day. But the car I drive is not mine. After paying the boundary and fuel, I only bring home about ₱1,000 a day. I keep pushing myself because my family depends on me.
My biggest dream is simple: to own a 7-seater vehicle so I can work as a TNVS driver with my own unit. Something like a Hyundai Stargazer X Premium would completely change our lives. Instead of paying boundary, every trip I drive would directly support my family.

I’m not asking for a luxury life. I just want the chance to work harder and build a stable future for the people who depend on me.

You’ve changed the lives of so many people around the world. If by any miracle you see this message, it would mean everything to my family.

Thank you for inspiring people like me to never give up.

God bless you.",2026-03-24T10:02:33Z
UChYUh2PHXbwh_kj1U2shIQQ,how did yall go to the bathroom,2026-03-24T10:02:18Z
UCzAYfnz6pEUfE2Ed_Hk6ehg,Yes............😢❤❤,2026-03-24T10:02:08Z
UCoScV5jA50yXEIfbXyiUZAA,Yes,2026-03-24T10:02:00Z
UCxXEVOBO_jH0dpTe2qeULeQ,"Hello Jimmy, I am a 13-year-old boy living in the Sultanate of Oman 🇴🇲. I am one of your earliest followers, and I just want to ask you to buy me an electric scooter because I need it to go to school. Please reply to me and don’t ignore me 💔",2026-03-24T10:01:25Z
UCUQsJ9XU8OhRc4XT99ihT2Q,yes,2026-03-24T10:00:57Z
UCzkgllH5m1p4T_8PS_xd_wA,Mrbest check airrock video that he escape the Island 2:28,2026-03-24T10:00:30Z
UC4W7xlN-SseQNZMWFP66x3Q,"Bro, it's not interesting when you're suffering. Make a video of yourself calling someone and they'll pass the test.",2026-03-24T10:00:16Z
UCInfGBgXMwIW8qWk4bip8Ow,Mr beast please please   I'm from India Bihar gaya aliganj road no 16 please help me,2026-03-24T09:59:24Z
UC_9oXub9CdIup8Q5CBWK1uw,สบายเกิ้น,2026-03-24T09:59:15Z
UCwgCYu6DoZD3OgAdUpohHEw,Кто тут из СНГ?,2026-03-24T09:59:11Z
UCxV43pYaKc6BCjbvODCoEKQ,❤❤❤❤,2026-03-24T09:58:28Z
UCXzNpbrytmsW1AorgGCGbQA,"“Hi, I saw your content. I can help you reply to comments and messages in good English. I can also increase engagement. I can do a free trial if you want.”",2026-03-24T09:57:53Z
UCEQ30T4AzHRhcH879tN6wsQ,Молодец украл идею,2026-03-24T09:57:50Z
UCqMoaHaWukwN-iiNDSg5o8Q,Yes,2026-03-24T09:57:35Z
UC82xOU5CYqcB0apDaPb7QPw,can you do a week on a snowy mountain?,2026-03-24T09:57:01Z
UCGIbxSv6dpid41mJkSlnjkw,TÜRKLER BURDAMIYIZ,2026-03-24T09:56:26Z
UCw-aG5ein8MR3-xDD-JpUKw,Дариус лучший! Возьмите его в команду !,2026-03-24T09:56:19Z
UCzF22nO8llYLNGY4pcsFrZw,suaranya kok beda?,2026-03-24T09:56:14Z
UCdoJm6Vf3uUY0AlWtGXtdeQ,Big Respect For Darius ❤️❤️‍🩹,2026-03-24T09:56:08Z
UCIEy9WUJTjsSD4jCZiHfsKA,I love you,2026-03-24T09:56:06Z
UCtuqMSFQ07EcuQuBGB1H0tQ,W Darius,2026-03-24T09:55:48Z
UC61w2cxspv_puGz80D2_8UQ,"Hi mr beast 
I am your big fan 
Bro my English is weak😅
But bro I am 
your subscriber 
I saw your all videos 😀 
It is a really amazing 🤩 
To bro you can play a minecraft 😁 
My id is -
LEGEND1428557  
and you will come In 
India-gujrat-rajkot-jetpur 
Please bro 
and please you will give me a surprise kit 😅😅
                    - Your subscriber
                         DHRUMIL 

                from jetpur 😅.",2026-03-24T09:55:41Z
UCet8Vj_3uIyA0ALVubE_EAA,Best❤❤,2026-03-24T09:55:31Z
UCiw9aiwDzJUiFQCoLIOhTcA,😂😂❤,2026-03-24T09:55:25Z
UCMgwGubstePUUyxrKKRV1sw,Buenísimo,2026-03-24T09:55:25Z
UCZ-KM5G1gHtvBxewHQOU1Vw,Darius didn't let em down...Darius the absolute goat,2026-03-24T09:55:08Z
UC8ZaOZS8hXb7XK4Y0K8u-3Q,😢,2026-03-24T09:54:27Z
UCA4s65QBCPc0WiRhJ6bP8SQ,darius TOP,2026-03-24T09:54:18Z
UCBlehATm1wyTNx1eiD8w7BA,W Darius we needmore,2026-03-24T09:54:17Z
UCWbg4IDRXydstONKoB7RyTg,Хейс и дариус самые нужные а остальные так помагают,2026-03-24T09:54:11Z
UCu1JEev3pbDUlfY7Syr1RcQ,"mong sẽ ra tiêp thể loại như này, video MR Beast tự sinh tồn đều rất hay",2026-03-24T09:54:05Z
UCk1Q5AXq8hdH1XU2vtM0ODw,Like to see Darius again in this chanal vidios,2026-03-24T09:54:03Z
UCAAK7o_rUubY_0fFf7_jRwg,Sub indo nya kok beda ya..,2026-03-24T09:53:59Z
UC_blR7m19VEtrcRA-pGUY1w,Gooddd video❤🎉🎉,2026-03-24T09:53:11Z
UCAum5sCpNYgzQbHH6Dg-1tA,You be Mac present at the next Al Jazeera video better,2026-03-24T09:53:09Z
UC0kkNCePmnFAkeumjCcGyfA,yessss,2026-03-24T09:53:05Z
UCAum5sCpNYgzQbHH6Dg-1tA,You be Mac present at the next Al Jazeera video better,2026-03-24T09:53:00Z
UCLR9VO6mlu4WATt57OKdk9A,Do again with me full experience,2026-03-24T09:52:54Z
UCAum5sCpNYgzQbHH6Dg-1tA,"You be Mac present at the next Al Jazeera video better
❤❤",2026-03-24T09:52:46Z
UCAum5sCpNYgzQbHH6Dg-1tA,"You be Mac present at the next Al Jazeera video better
❤❤",2026-03-24T09:52:37Z
UCAum5sCpNYgzQbHH6Dg-1tA,You be Mac present at the next Al Jazeera video better,2026-03-24T09:52:24Z
UCAum5sCpNYgzQbHH6Dg-1tA,29:07 You be Mac present at the next Al Jazeera video better,2026-03-24T09:51:36Z
UCQogZ7JPU_zcSKdlrnFf2Qw,"mister be, mandame die euro loco",2026-03-24T09:51:34Z
UCgvhjIlqqg82eCbX4upXe_A,Yes man ❤❤❤❤,2026-03-24T09:51:12Z
UCpEUuW3NDfRpbvIL6yT4fSg,Hi mr beast,2026-03-24T09:51:10Z
UCSBuXLsWD_7a2um6aVYNvFw,"If the sail had been made bigger, the VAZ would have had a chance. 😅❤",2026-03-24T09:51:04Z
UCKksG3ax1QHgEacPzLZ81BQ,"And I say it, Dries truly won the hearts of the fans.",2026-03-24T09:50:26Z
UCYoWR-yc65ThX_1Zo-wUcZw,Hi mr beast come to rajasthan india in 45c normal temperature,2026-03-24T09:50:16Z
UCeaPjH7rf_kwdTHAt-oFdtA,забрал идею у егорика и даже спасибо не сказал,2026-03-24T09:49:47Z
UCgvhjIlqqg82eCbX4upXe_A,Hay Mr beast I am your biggest fan please come or i come to your home come India 🇮🇳 again please 🙏🏻 I not have enough money to your country and please give promotion please,2026-03-24T09:49:17Z
UCrVbHreDTDAbVDgn7tceUTA,Dot  vary bro but you and your friends  tried it❤❤❤❤❤❤❤❤❤❤❤,2026-03-24T09:49:15Z
UC4wBVZEfBCl2yKTRgwuxkCA,33:33,2026-03-24T09:49:09Z
UCo2ugqoSmD8zj4tT0nkTJuA,😂😂😂,2026-03-24T09:48:56Z
UCo2ugqoSmD8zj4tT0nkTJuA,😂😂😂,2026-03-24T09:48:50Z
UCFclSvvShWeb-QyIyCl5WOg,Devamı gəlsin abi lütfən,2026-03-24T09:48:17Z
UCOvZZAZmVldhqpt8LRqhKPA,How ❤❤,2026-03-24T09:48:08Z
UCqC7TF40XhH1CvjqanGzHSA,DARIUS SHOULD BE IN MAIN GROUP!!!!,2026-03-24T09:47:44Z
UCa6-kYpr8J06wEaIYlIstOQ,amraai rokm veido say,2026-03-24T09:47:32Z
UCQ4c7eda2n0Q_3wAnk8YPeQ,"mr beast, help me",2026-03-24T09:47:25Z
UCm-pZcHSaPsZw3vZPzwU-TA,smallest spider i ever saw jimmy,2026-03-24T09:47:14Z
UCPb6meBVr9LGqpgKOptkdKg,darious was the MVP on this game❤,2026-03-24T09:47:11Z
UC9xKudqqihQWOLkXJMJ_Gqw,Türk varmı alo,2026-03-24T09:47:01Z
UC8WN59ZFHDwaSVd8jv2HMYQ,Kon Kon Pakistan sa dakh rha a hazri lagao comment ma,2026-03-24T09:46:13Z
UCgExB4DP3vXOT1zvjuD_NSQ,мистор бист желаю тебе 500 млн,2026-03-24T09:46:04Z
UCTtvV40yVuwKy40VABynLPw,You are getting old,2026-03-24T09:44:33Z
UC4Ykv5JobsObeLUTD-8zEow,plastic ko pani me dalke pighla rh th literally ye americans,2026-03-24T09:44:18Z
UCjRDNqVMKK0j9sSe0qi74KA,we wanna see Darius in more videos 🤭,2026-03-24T09:43:56Z
UCwXU8W1s0EmyWcRaF74r0tg,First time seeing Nolan be serious,2026-03-24T09:43:24Z
UC1fIPdZbLGjzU_Tfkgqchbg,Omg,2026-03-24T09:43:23Z
UClRPu8iWo0FweqVSOQ1J9wg,Why indonesian dubbing is change?,2026-03-24T09:43:13Z
UCwq6QKrGV_owt7B3u0yUnNw,you ar g7bh,2026-03-24T09:43:10Z
UCug-BYtLewgzlZFCAGKaT3g,脱出島やん。,2026-03-24T09:43:07Z
UCAY-7fAav7iWaAIFRtNMT_w,Mr beast plz help me some money 1881032040567 bank account 🙏🙏🙏,2026-03-24T09:42:49Z
UCbkix1m-6HVOrZmaEVVjqOA,Is typeless a useful app? 🤨,2026-03-24T09:42:39Z
UC5rjQGDwlaG6G54nQhjGJTg,Wow great video 😮😮😮😮,2026-03-24T09:42:22Z
UCd4ri1wPkTjgWQP3NtJNDpw,"╔═╦╗╔╦╗╔═╦═╦╦╦╦╗╔═╗
║╚╣║║║╚╣╚╣╔╣╔╣║╚╣═╣ 
╠╗║╚╝║║╠╗║╚╣║║║║║═╣
╚═╩══╩═╩═╩═╩╝╚╩═╩═╝",2026-03-24T09:41:59Z
UCLDVbtkMD6qIGT428bHrz6g,मु जे सपोड़ करो भाई 😢,2026-03-24T09:41:18Z
UCrYfsOVoGjiykYDK7d2wujw,Кто тоже ищет коменты Егорика?,2026-03-24T09:41:13Z
UCwq6QKrGV_owt7B3u0yUnNw,you are سندوله,2026-03-24T09:41:08Z
UCIZdlIFVFKaiqg_bmMzvmGA,Suara ganti bjir😢,2026-03-24T09:40:03Z
UCCTfuANO5YihWTkeQlhMvvQ,If daruis is sitting with mr beast who recording it when they are eating,2026-03-24T09:39:43Z
UCFT6MASo9IoaheovvKi1z_w,Gerçek hayat Minecraft,2026-03-24T09:39:32Z
UCoge8q1FH8vPzQXA28xV1EQ,"Hii 
mrbeast please help me Give me $200,000 I have been subscribed to you for 2 years; I have not received any gift till date 🥹 0:01 0",2026-03-24T09:39:03Z
UCQIs2RsK9UcaQ20Cc_U4KhQ,Day 12 of asking mr beast to put me in a challeng,2026-03-24T09:38:57Z
UCBe0eTOP0N1HSyzeDMm_jzw,I like Mr Bean,2026-03-24T09:38:27Z
UCImQVPuJOQtVM4DQkLsU19g,по моему бист вдохновился эксаилом интересненько...,2026-03-24T09:38:23Z
UC10o3gXEHu8UN1hX-oiweLw,Without Darius they would've died for sure,2026-03-24T09:38:16Z
UC2EfsZSZJ9OJuF5NNIhAnmA,Was there another camera man,2026-03-24T09:38:08Z
UCBe0eTOP0N1HSyzeDMm_jzw,Mr mrveast,2026-03-24T09:38:07Z
UCqlKmB8DHhz-0sO1zCGEQ2Q,Vid end in 30:13,2026-03-24T09:38:04Z
UCgbu6VK5No2ce-SMaDOcvhw,Егор Шкроед,2026-03-24T09:36:57Z
UCAozJhQrOVlID27m8Q_tYRg,האי,2026-03-24T09:36:53Z
UCqumL8LBGNaDNfWX24b4NBQ,Thanks for 350 subscribers Plzzzz keep Supporting nd Subscribe more 😊😊,2026-03-24T09:36:28Z
UC1z1TbB8rRKVMp8x7xAB5Wg,Kecewa berat gua,2026-03-24T09:36:16Z
UCfhaT4WwNq9guf_c5QTOTaQ,7:02 Another cameraman 😄,2026-03-24T09:36:14Z
UC68V-aHNmvAi2oWa7Qips_Q,Rust,2026-03-24T09:36:13Z
UCBe0eTOP0N1HSyzeDMm_jzw,Wow,2026-03-24T09:36:06Z
UCBe0eTOP0N1HSyzeDMm_jzw,I am Munna from Bangladesh,2026-03-24T09:35:50Z
UCdFwAmO87wSws4vtOg1wpdA,Gagal untuk pertama kalinya,2026-03-24T09:34:38Z
UCKA0nm0vGrLD4TJra91Lr9g,Where is Carl now? 😢,2026-03-24T09:34:34Z
UCoq1iNuScNKbhI9NEsspWCQ,We want more of Darius!,2026-03-24T09:34:32Z
UCc0IqFXOrr12l1obDY8VZjg,obbv fake as... wood is perfect cut lol,2026-03-24T09:33:44Z
UC_lhC-P3bbpreG2fAYfTfWg,Thank you mrbeast for videos,2026-03-24T09:33:29Z
UCR6-vYEXySrYQumwerYKFfg,"Mr. Beast, how could you steal an idea from Egor Shkred? You didn't respond to his video, so you're also stealing",2026-03-24T09:33:02Z
UC0rsInrHQm88iJuZtqaCOeA,они реально такие тупые ? если бочки герметичны то как оно может не плавать ?,2026-03-24T09:32:28Z
UCGH47y0XKk0Us68uMCg9iGQ,nice dogs,2026-03-24T09:32:18Z
UCEVbnGegdTs9DlW--J2wShw,У егорика украл,2026-03-24T09:31:55Z
UCCZJ0M6x2c3CNzo_VPLWZVg,у егорика видео украл,2026-03-24T09:31:43Z
UCQ9HNSAOquav5xe9002JwOw,Straw hat pirates,2026-03-24T09:31:42Z
UClWPbN_ZcMcATEqq-7b5NWA,"I don't really like the current Indonesian dubbing, I hope the dubbing will be changed to the original in the next video.",2026-03-24T09:31:36Z
UCFQZJXRDZ9zEk3w9jZVLF8g,What you mean  your just a YouTuber building with nothing HOWW DID A BARREL SPAWNS ON THE FOREST like your building a boat and there's a random barrel spawned HOWWWW and you brought a tent ts ain't a survival mode this a vacation,2026-03-24T09:31:20Z
UCrY0Zj7qTSDwB9Hq284n3Fw,mr beast actually participating in a challenge instead of putting other people through it 🥹,2026-03-24T09:30:52Z
UCndZ82wJfQypih0lat1bX_Q,"0.3 miles away from the island... 🌊 This is a powerful reminder that we’re all just 0.3 miles away from our goals. I’m putting 15 hours a day into my stories just to reach my own island one day! The grind never stops. Never giving up! ✨🚀""",2026-03-24T09:30:52Z
UCEVRGd8ksKPuo7RljB1Jw0Q,احسن برنامج غى العالم كفايه اللى انتم حاولتم,2026-03-24T09:30:49Z
UCNIQ97S9slIvVO9cbm8-sjg,Bring Darius to more videos ❤,2026-03-24T09:30:07Z
UCHhtiu5PdzkXCWTUHWPUtvg,Who was doing the camera when Darius was working and everyone else was also in the frame?,2026-03-24T09:29:53Z
UCHhtiu5PdzkXCWTUHWPUtvg,Who was doing the camera when Darius was working and everyone else was also in the frame?,2026-03-24T09:29:42Z
UCQCKi1v5yAuiS7mNl03xNSQ,10k like on this and mr. Beast will buy me a pc,2026-03-24T09:29:24Z
UCSHFIuKW6W5QJBHsl1NXW9g,"Dengi tinadam telsu kani physical ga work cheyleru 
Weak fellows",2026-03-24T09:29:07Z
UCtGufuHKBuH5rBi9NwBaiZQ,"Dubbing Indonesia jelek, lebih bagus yang dulu",2026-03-24T09:29:00Z
UC3vA3YmWJuaH7buB4b69oHA,feels good to see MrBeast lose for a while,2026-03-24T09:28:52Z
UCGIEM10i15v3XbKuCOxeSYw,😂😂😂😂😂😂😂😂,2026-03-24T09:28:50Z
UCSt2gN2ePGPr0SGCgg9xeLA,"I would say Mr beast and his friend should have been in rhythm while paddling because it would have had more power in the turning and moving, not sure tho",2026-03-24T09:28:15Z
UCCcUbU2tOGZXirZLW4dOfOg,عيد  فطر سعيد من سورياا😊❤❤,2026-03-24T09:28:12Z
UCS1Zm7gUpHUzaoCDJiC9Z0Q,Darius needs to be added to the main grp bro.,2026-03-24T09:27:25Z
UCAKFmVg8ttQd2lCb24B-ozA,"Salut MrBeast ! Je regarde tes vidéos depuis un moment et ce que tu fais est vraiment incroyable. Ce nouveau défi sur l'île est fou ! Mon plus grand rêve serait de participer à l'un de tes défis un jour. Je suis prêt à tout donner et à relever n'importe quel challenge, peu importe la difficulté. Ce serait une expérience unique dans une vie. Continue comme ça, tu inspires énormément de monde !",2026-03-24T09:27:15Z
UC099vIYHjIJSpX6oD5W4W1A,raft in real life?,2026-03-24T09:26:58Z
UCAfbRb8jjToTPShEcDWQdxQ,This felt like Mr beast old videos 🥹,2026-03-24T09:26:11Z
UCqDcOLWxZpKFRe_pen_tBXA,yew,2026-03-24T09:25:38Z
UC9hbbzgmzKN6dFk5w4o7fFg,😢😢👍👍👍👍❤,2026-03-24T09:25:31Z
UCebPSAa2FrEwnnXhlNI08NQ,Mr beast pleas no Arabic yes English pleas ❤❤❤❤,2026-03-24T09:25:26Z
UCpYMpkE76Bal0mspc3-aAZQ,7:21,2026-03-24T09:25:13Z
UC54FO1FCbMVs_ZMLcJ7yi3g,Come come fruityyy😂😂,2026-03-24T09:25:04Z
UCPhEkdQL2etYiGV7Ztz5atg,This video is not real this video made by 3d animation SGI and vfx dudes,2026-03-24T09:24:39Z
UC5CxDx7asB4x6NuKPlnx8KA,Bro blue drum in India 💀💀,2026-03-24T09:24:33Z
UC-8dMsGS77hUZjMW-bUljtw,no se si soy solo yo pero se siento alto fake el video como que habia cosas ya puestas para que las “encontraran”,2026-03-24T09:23:43Z
UCkyL3oSABWfyMlqa2CfItVg,Why is the Indonesian voice so different from before?,2026-03-24T09:23:36Z
UCQ_8CBPzbaxpZr8XrqqckgQ,"Jimmy you got a new star cast and the whole audience cheering up for : Darius 
First appearance and got everybody's attention and favour",2026-03-24T09:23:23Z
UC1iTi8KZHIYrTjJFKX3gepg,Come to this house giving away free money ! 40 abernly schnapper rock road,2026-03-24T09:22:49Z
UCwNADhekEAS787eOA5LQ2NQ,"""uh, because they like when we suffer."" is soo truee 🤣🤣",2026-03-24T09:22:33Z
UC0fO-y5ECcxvKKiHxFFN_lg,this video is best mr mest 😆,2026-03-24T09:22:24Z
UCHCasFqT-YylsYU891wpAnQ,Why is Jimmy's Indonesian dubbing so different from the usual one?😢,2026-03-24T09:21:59Z
UCR6zsldn_lWC0OzxqbwF2qg,Какой в этом смысл? Если в море стоит яхта со всеми условиями жизни!,2026-03-24T09:21:58Z
UCg1PDEjJLaJetLAJZr7ChXg,"I am amit your YouTube channel life time subscriber 
Your biggest fan ❤🎉",2026-03-24T09:21:32Z
UCV5yUrt5bIBKrw-7Z2SPBgA,Far cry 3 survival skills would come in handy rn...,2026-03-24T09:20:22Z
UCL2_XW2NuXP_XwM97CnK_kg,❤❤❤❤❤,2026-03-24T09:20:20Z
UCL2_XW2NuXP_XwM97CnK_kg,❤❤❤❤❤❤,2026-03-24T09:20:08Z
UCqX_U4LREXjx0yeekVlOkzQ,"i like this video 
🇧🇩🇧🇩",2026-03-24T09:19:55Z
UCUGB7aEUcPOIKmgc0rt56ug,penyuling suaranya bedaa? ;(,2026-03-24T09:19:30Z
UCR99MrcrCFYOEHYP7JIP7vg,Every time he was stuck😂😂😂😂,2026-03-24T09:19:02Z
UCpCItOzPuO3r1mWfvFByR9w,❤a,2026-03-24T09:18:58Z
UCgne8FUqyx8v6NhhA-LC_yw,Camara man is awasam,2026-03-24T09:18:46Z
UCeLbcCrJwUB9mW4n9cJ6V3w,Good👌,2026-03-24T09:18:04Z
UCKT7q9G1vqj2oGeLgxUfxYw,jimmy ganti dubber kah?,2026-03-24T09:17:53Z
UCsX6KSNz2y8WdGVK9dftYjw,"Darius in new Chandler now. 

From janitor to part of the team",2026-03-24T09:17:53Z
UCIz64Mo7hWv2julVBdgldvQ,bro Tom Hanks did this by him self and a ball,2026-03-24T09:16:44Z
UCOFLy0Canv6vnHN--aCJP-Q,"""Jimmy, I’m ready to stay in a circle for 100 days or travel halfway across the world in 2 hours. I don't care about the money, I just want to prove I’m the most determined subscriber from India! 🇮🇳 Give me one chance.""",2026-03-24T09:16:04Z
UC-lQmGlO2OLNQiU_gNtfIzw,"""vì họ thích nhìn tụi mình chịu khổ"" damm",2026-03-24T09:16:01Z
UCiAO9pxhhjW_qrochmkZlgw,I don't like the sound now I want the old sound,2026-03-24T09:15:47Z
UCiRfAc0ZuQUeqOIo0-6fagQ,DARIUS DARRIUS DARRIUS DARRIUS WE NEED HIM IN MORE VIDEOS PLZ.,2026-03-24T09:15:35Z
UCMlF-cr5krNvYi6C4j6yNXQ,😂,2026-03-24T09:15:27Z
UCuJgbGwJX9h2VqB1JDqVi8A,I am from India please please please please please please please please please please please please please please mr beast take me in your vedio once,2026-03-24T09:15:16Z
UCAfIJTsMrdtNSMJndO_UjJw,This feels like to good ol videos,2026-03-24T09:15:12Z
UChkgdH1Ykt7fhtrptMMnpBA,❤❤,2026-03-24T09:14:59Z
UCMlF-cr5krNvYi6C4j6yNXQ,"Hi mr beast, can you say hi ?",2026-03-24T09:14:30Z
UCMe-rZIMolOaF_yLVeKxOhQ,"THEY BUILT A BOAT, ARREST THEM😡😡😡",2026-03-24T09:14:17Z
UC4HT7fK2O97Zu5IgOiUQaOA,Plz make pistachio flavour in ur choclate,2026-03-24T09:14:12Z
UC2z55k0yl4gof38ddWSFQYw,Support me,2026-03-24T09:14:12Z
UC5zG47BJ_9v4NWU5VepS_rQ,"Imagine they actually  had the boys, boys scout. This would've been epic.",2026-03-24T09:13:53Z
UCd1dc57nuMAc4tGscx8Cu5Q,Mr Bean s'il te plaît j'ai besoin 10000 dollars j'ai vraiment vraiment besoin,2026-03-24T09:13:43Z
UCCw1-KfTVqtDC1LlKY-vs8w,Do more.,2026-03-24T09:13:13Z
UCjb9Rs7XrCONEq56gMQasmA,Your voices are different,2026-03-24T09:13:11Z
UCwdSxLGLoxDYmj665HPDRig,Welcome to Youtuber's  V.S Wild 😂,2026-03-24T09:13:08Z
UCufIa1dudU2rtScpc231BfQ,XESTE NURAY BALAMA YARDIM EDIN QURBAN OLUM 5243 7544 4857 7260,2026-03-24T09:12:51Z
UC_TVbXqmg5QRuMX3_PejLvw,ima  huge fan mr beast!,2026-03-24T09:12:49Z
UCdA15BoU3lQK6_1VWmrJG0Q,😢😊😮😅,2026-03-24T09:12:45Z
UCi-qrY5XeZr5UXyRr5u3xzw,Hii Jimmy can you collab with my channel?,2026-03-24T09:12:33Z
UCFo2ssuHUwIbzywDkvfiWgA,Hello Mr🖖AsssalamuAlaikum🙏,2026-03-24T09:11:50Z
UCgDfGdaOkvH-sicWZWLrcPg,w-who the recording the cameraman?!,2026-03-24T09:11:35Z
UCHHnHbLXp86TIh7fFMtr1sw,Finally mr beast is doing his own challeges again,2026-03-24T09:11:21Z
UCM2pwsT05ntZfw_VWbEw2Ew,Jimmi bro love from India 🇮🇳🇮🇳🇮🇳🇮🇳🇮🇳🇮🇳🇮🇳🇮🇳🇮🇳,2026-03-24T09:11:06Z
UCxWumzxC4Bg6kD8FAyCTBqQ,Where is the person who voiced Mr Beast?😢😢,2026-03-24T09:10:37Z
UCjFSR8TE3REicrV5skTd_BA,❤🇧🇩🇧🇩,2026-03-24T09:10:25Z
UCxWumzxC4Bg6kD8FAyCTBqQ,Where is the person who voiced Mr Beast?😢😢,2026-03-24T09:10:22Z
UChK4hffcTxfVuflQ5S2B7Zw,Насмотрелся Егорика😂,2026-03-24T09:10:22Z
UCpCeezWQ4hv9USfYn80xCCw,The gemerz is fighting jaldi jakar search karo😢 please,2026-03-24T09:09:58Z
UCjgVCIdCZgJYwFh03jQmlkA,Yes,2026-03-24T09:09:35Z
UC20Tg5hMjUCS7bQ4hD64gMw,Typeless,2026-03-24T09:09:04Z
UCpGP9Xn4ymovTrYfamLQhkQ,"Darius should join more
Of your vidss",2026-03-24T09:08:29Z
UC3Vf7jB1xQwSQ5agG6gbdGg,Finally not some generic game show real og content,2026-03-24T09:08:18Z
UCkt0Jp3hnmxgYPcxlWJjKNA,Hi jimi love from Bangladesh 🇧🇩🇧🇩🇧🇩🇧🇩🇧🇩🇧🇩,2026-03-24T09:08:15Z
UCe-kKEZIE6eZYMJ9hB2Zciw,Украли видео у егорика,2026-03-24T09:08:15Z
UCp0qcq30sm3yqfl0lMeEsjg,😮,2026-03-24T09:08:07Z
UC-3iHLyv9r4IAiWJgjSOxCA,Ko bahasa indo kayak beda suara,2026-03-24T09:07:57Z
UCg1z0QIp3o39eEod5fPzH_w,1M,2026-03-24T09:07:52Z
UCeRdYN9RwhrgkVStp8Nw1Hg,RESPECT,2026-03-24T09:07:10Z
UCfC7oWa15WlBbHOXeiOoWtA,good,2026-03-24T09:07:09Z
UC7w-Q3jRzipProxY8FO9zuw,Ктута имба просто,2026-03-24T09:06:37Z
UCBI1vJkKE9dTIrpWTUKuUpQ,Darius was working 😂😂 give hands for him,2026-03-24T09:06:32Z
UCqaQqOFjFK86gkJPPxdrB3w,Im gey,2026-03-24T09:06:20Z
UCdqc3yGcMrO79X2MvMWWRYg,Love you❤,2026-03-24T09:06:15Z
UCR-OG4EKNLA11IlfdJkCiVQ,Hide and seek please 🥺,2026-03-24T09:05:41Z
UCVFgeh2B7xYZtJCDyqyXbvQ,"Haha, Russian video blogger Yegorik has a video like this, did you steal it?",2026-03-24T09:05:20Z
UC0Gal_BtPZzyVwnXsxWBSCg,You should have used light bamboo while making the baitha so as not to hurt your hands while driving the sail...🛶,2026-03-24T09:05:12Z
UCstiVuX-C0gYn9tN8EowMVg,ทะเลาะติดเกาะแบบนี้จริงๆมันจะมีถังแบบนี้ไหม😢😂,2026-03-24T09:05:07Z
UCt3JcJYc3_xDWPsqv1ch_gw,Jimmy clean the entire island👍🏼,2026-03-24T09:05:02Z
UCtI8KotWWv4Tq-flHdaxQlQ,"10:01 Darius, Darius ,there he is ,there he is 😂😅",2026-03-24T09:04:44Z
UCGly9JwQRA_Z8vFV6FQMbmQ,🇧🇩🥰💐💐🫶,2026-03-24T09:04:19Z
UCW3_bKQJwKLHMHEggs8XBSQ,Waw,2026-03-24T09:04:11Z
UCgFIkob799DN9DOMpnEpazQ,Your are very Darefull 🎉,2026-03-24T09:04:10Z
UCcbzr8ZMKyQzv_rmKu5iYVQ,🎉,2026-03-24T09:03:37Z
UCSTGbU2kx3Q-fd-oDlMqecw,"Одинаковые бочки😂😂😂, 1 из 10000000",2026-03-24T09:03:29Z
UCQSdMTUoFBRTCeGtUcROSBA,hey jimmy can you please get me on the same challange in other vedio please,2026-03-24T09:03:24Z
UCSTGbU2kx3Q-fd-oDlMqecw,Постанова😂😂😂,2026-03-24T09:02:41Z
UCh5Ca7OWAJgW-Icg1oRvujw,W darious,2026-03-24T09:02:27Z
UCaA0e7kGA0UqO229RN_UlVg,Yea do more challenges but you didn't show what you guys eat and hase doesn't do paddling,2026-03-24T09:02:05Z
UCV_MLFMhxXNfvFHMgogT3yQ,Very boring video,2026-03-24T09:01:40Z
UCR8IZeJbXVHbVhr9ctqJdSg,If you had 5 Darius’ y’all would have for sure made it! That man did not stop the whole time!,2026-03-24T09:01:20Z
UCQhme8ReZX5VUIoiMXrB2Hw,Jadikanlah kegagalan itu sebagai pelajaran,2026-03-24T09:01:10Z
UCRcnofemZZQxW7AiapWjWZg,ko suaranya beda,2026-03-24T09:00:09Z
UC9FHDeruWKCgaL8eaA5_Csg,هههههههههه هه,2026-03-24T08:59:41Z
UCfogoG50mOte38ld1HtDPDw,❤️,2026-03-24T08:59:19Z
UCfogoG50mOte38ld1HtDPDw,?,2026-03-24T08:59:02Z
UCeoNgCtP1PaiNTO8u_l_AOw,do this again with mark rober,2026-03-24T08:58:58Z
UCZkONvOiRdxRvH1rX0rRmww,"@Mrbeast
Do survival challenges",2026-03-24T08:58:54Z
UCMjPdsOfEcB-DV361rGRfdA,"0:14
ههههههههههههههههههههه هههههههههههههههههههههههههههههه هههههههههههههههههههههههههههههه هههههههههههههههههههههههههههههه😂😂😂",2026-03-24T08:58:52Z
UCmzQG-kAi1kscnZ6v1_iBnQ,1:45 it was pretty safe 😅😅,2026-03-24T08:58:25Z
UCyG8BwSxWEskqRQ8vvZwEaQ,@mrbeast  give me one challenge please ❤❤,2026-03-24T08:56:30Z
UCLIEhfnfciw-iOHX00dOUjw,"Comments be LIKE: THANKS FOR 1K!!
MOM I AM FAMOS 
NO WAY THANKS FOR 3K!!!",2026-03-24T08:56:05Z
UCc7IAX7PwT-8zg4FdmGyabg,Do your challenge mr.beast,2026-03-24T08:55:53Z
UCXtRrYHHHD-7W7GHdlvz7nQ,🇧🇩🇧🇩🇧🇩🇧🇩,2026-03-24T08:55:51Z
UC0XpAUyTIJCdshVM4WS6o2w,"Step One: Break Wood
Step Two: Make Planks
Step three: Make a Crafting Table
Step Four: Get Five Planks 
Step Five: Place the Planks in the Crafting Table in an U Shape 
Step Six: Craft the Boat 
Step Seven: Place the Boat in Water 
Step Eight: Sit in the Boat Step Nine: Using the W, A, S and D keys, Drive the Boat Till You Reach Safe Lands Step 10: Get Out of the Boat and Ladies and Gentlemen You Have Escaped the Island",2026-03-24T08:55:48Z
UC6_w0jFinRsNpQLCaqvE1KQ,❤❤❤,2026-03-24T08:55:39Z
UCXtRrYHHHD-7W7GHdlvz7nQ,🇧🇩🇧🇩🇧🇩🇧🇩🇧🇩,2026-03-24T08:55:30Z
UCE4kYx-66uCKPEH5xlRHV9A,🇧🇩🇧🇩🇧🇩🇧🇩🇧🇩🇧🇩🇧🇩🇧🇩🇧🇩🇧🇩🇧🇩🇧🇩🇧🇩🇧🇩🇧🇩🇧🇩🇧🇩🇧🇩🇧🇩🇧🇩,2026-03-24T08:55:20Z
UCXtRrYHHHD-7W7GHdlvz7nQ,🇧🇩🇧🇩🇧🇩🇧🇩,2026-03-24T08:55:17Z
UCXtRrYHHHD-7W7GHdlvz7nQ,🇧🇩🇧🇩🇧🇩🇧🇩,2026-03-24T08:55:09Z
UCAYM1wGdvlRZ-ZpIBEmyZRw,4:27 in India blue dram is very famous only Indians know☠️,2026-03-24T08:55:07Z
UCXtRrYHHHD-7W7GHdlvz7nQ,🇧🇩🇧🇩🇧🇩🇧🇩🇧🇩,2026-03-24T08:55:00Z
UC1TslFUiYLH06rm0KSdiAmg,Копия егорика,2026-03-24T08:55:00Z
UC6Eb2QbNM9You6uBjTmEgEQ,Ko suara indo nya beda ya,2026-03-24T08:54:57Z
UC2osSa8EaJAeod4D0YEnpwg,Litlle help,2026-03-24T08:54:55Z
UC2osSa8EaJAeod4D0YEnpwg,Litlle help,2026-03-24T08:54:51Z
UCn-U3d-hG3bUyblUFh8n4qQ,Nice script though 😂 try better next time,2026-03-24T08:54:51Z
UC_hDaBsv_w0q2HURVRM6ETA,"hello mr beast,, 

I'm asking permission to take a small portion of your video to post on my personal page.",2026-03-24T08:54:48Z
UCXtRrYHHHD-7W7GHdlvz7nQ,🇧🇩🇧🇩🇧🇩🇧🇩🇧🇩🇧🇩,2026-03-24T08:54:44Z
UCBI1vJkKE9dTIrpWTUKuUpQ,I wish I had a better Wi-Fi to watch ur videos 😢,2026-03-24T08:54:39Z
UC3754QL88cWBxLJu-1Pye8A,Today's my birthday but no subscribers,2026-03-24T08:53:47Z
UC8vxT3zvO6yjfpfD_9sOkwA,How to join mr beast challenge i dont know can anyone please tell me,2026-03-24T08:53:10Z
UCLEcT_jXv-3_tko0wlVF2Rw,Yes Mr beast ❤,2026-03-24T08:53:00Z
UCtmbcfSva7ON2rJ_kaf40Cg,Chandler is bold now!?,2026-03-24T08:52:58Z
UC67VHcMtijY0NWg2ZtLK4TQ,هل يجب أن نخوض أنا والاولاد المزيد من التحديات مرة أخرى,2026-03-24T08:52:52Z
UCi8Gl-azdT4qU_BPT7Ap5VA,.,2026-03-24T08:52:47Z
UCb0I9qTfpGNCLw3-7qfXg-w,30:05,2026-03-24T08:52:46Z
UCb0I9qTfpGNCLw3-7qfXg-w,29:55,2026-03-24T08:52:38Z
UCOCocGvZdfDweEGsT-lqfKQ,Hello sir me india se mughe bhi apni video me lelo plz❤❤,2026-03-24T08:52:37Z
UCb0I9qTfpGNCLw3-7qfXg-w,29:44,2026-03-24T08:52:26Z
UCSIo5vkd39Ffl2XQfJHliKQ,"Mr. Beast, I want to make a video with you,,, I am from Bangladesh.",2026-03-24T08:52:10Z
UC9E5YRBimRXop1NBEFk8dIA,kenapa ini suara nya berbeda😢,2026-03-24T08:52:01Z
UCMMbsNhMLs0mBPk0zPedVFQ,"Guys, im indonesian people and why the indonesia dub for mrbeast is different people, wheres the og one?",2026-03-24T08:51:37Z
UCM8dzTkO637EjCqlcpCch3Q,i would say without phones and internet,2026-03-24T08:51:25Z
UCOCocGvZdfDweEGsT-lqfKQ,Hello sir,2026-03-24T08:51:21Z
UCUXyXWAI6ql_rcHtKktMwfw,bro dub idn berbeda,2026-03-24T08:49:56Z
UC67VHcMtijY0NWg2ZtLK4TQ,مين عربي😂,2026-03-24T08:49:45Z
UCAaHT8G2gligirMSrGDTJ6A,Sir can you help me my mother have cancer problem,2026-03-24T08:49:37Z
UC3Qw3hK6WWPbIZcMLKBI7fw,Mr. Beast help me buy a house,2026-03-24T08:49:27Z
UC5vKOEC8L6bFRuPiVWjWQYA,Does anyone here know how to write a book 📖 but have issues in printing and publishing them,2026-03-24T08:49:12Z
UCpKPC1fDDLMIQNQoe20rQ1w,Why there 2 blue drum🤨,2026-03-24T08:48:59Z
UCuATDlYcTT_pTRq4qLLrghA,This is real survival… not easy at all 🔥”,2026-03-24T08:48:51Z
UCJCOtvmTsq5fwE38muOQ9fQ,bro skipped admin abuse,2026-03-24T08:48:21Z
UCnvwVLmTokMaBjVg-rtUs4w,26:42 jimmy's voice 💀,2026-03-24T08:48:21Z
UCx9IKfIZtdfZ9yTxuHHxIiw,Kenapa suara nya bedah?,2026-03-24T08:48:00Z
UCt1M23Tl6bAAkD8Op0Pb5LA,his cameraman looks like a model,2026-03-24T08:47:57Z
UCKXIl9HUVagPFfdNWWoR9iQ,Wow,2026-03-24T08:47:55Z
UCCzi2vn7cLa7LyRFrVMuv6A,"I skipped watchimg this video on Saturday, the thumbnail of this video has changed 4times, wow😅",2026-03-24T08:47:48Z
UCIewZw3Lbp5-ggW8bU5L56g,At this rate Darius will join the team next,2026-03-24T08:47:09Z
UCWs3XQuVbSZ0e1HaC62bYhQ,Hye mr. Beast I like your videos like this types,2026-03-24T08:46:52Z
UCbioL4MJdwkcPFnUgovOtOw,Я считаю своим долгом написать чтобы Дариус чаще появлялся в видео,2026-03-24T08:46:44Z
UCrprXUKWaP3yfzemWW_zf-A,My little beasty boy ignition temperature of water is higher than plastic,2026-03-24T08:45:45Z
UCBI1vJkKE9dTIrpWTUKuUpQ,Put me in bro,2026-03-24T08:45:22Z
UCQ3RgaF6ejnaNsJIwDsUUXQ,Bangladesh 🇧🇩,2026-03-24T08:44:51Z
UCzL56f3ctLa1_BG-mSV-W1w,I need a laptop please 🙏 I am new subscriber,2026-03-24T08:44:29Z
UCXYgUQUJttXyaSJx-hRHV-A,i love cameraman,2026-03-24T08:44:22Z
UCglDdQFkqJLwzBzePW54-pg,"हे जिम्मी, चलो साथ मिलकर जीवित रहें.",2026-03-24T08:44:03Z
UCOQ1efBBmIWwYA-hfL4Rdfg,Apakah dubber indonya ganti? 🗿,2026-03-24T08:44:02Z
UC0ftklCymEJYfjEckvcXxtA,ههههههههههههههههههههههههههههههههههههههههههههههههههههههههههههههههههه احب ذلك,2026-03-24T08:43:58Z
UC8Ka46U2RQuJlL7MnpvGfXg,Im so glad hase is here too,2026-03-24T08:43:50Z
UCBkV6I3VvzSJUb8gmyKpO2g,Darius MVP,2026-03-24T08:43:42Z
UCbSyhpeJMqHgHAvGyylOdTA,Tamil dubbed is next level💥💥,2026-03-24T08:42:24Z
UC5JUaDqpRfeWK7Nb2Z1gP2w,Mr Beast please help me My father is so sick and my home in loan and I am job delivery boy but now my condition is not good please give me $10000 it's enough amount for my all problems my english is not good but I trying if I write Hindi language so can better understand you please 🥺 help,2026-03-24T08:42:20Z
UCILqwp4-t1qvelmJO-VKyPA,Where is taric,2026-03-24T08:42:15Z
UCoQJwjX50WEIXYaEuq8hkiw,Pagal ho tum log,2026-03-24T08:42:13Z
UCO28VLumt1PRl9E2w2a2KNA,its like Moana 2,2026-03-24T08:41:34Z
UCbC8hqKbflIomUCBdMu1vug,"""I may say I'm gonna give up, but until I do, I will never give up!""",2026-03-24T08:41:18Z
UCF0y0yvmvfQKdtBHDn8GJ-g,Wah keren❤🇮🇩,2026-03-24T08:41:15Z
UCWNgRvvVby9WOKQd6X_VgRw,🥝,2026-03-24T08:41:12Z
UCWNgRvvVby9WOKQd6X_VgRw,🥝,2026-03-24T08:41:08Z
UCWNgRvvVby9WOKQd6X_VgRw,🥝,2026-03-24T08:41:04Z
UC2doAyYVq6J4_es_eG16yjA,"Please Mr beast 10,000 tarumo",2026-03-24T08:41:01Z
UCWNgRvvVby9WOKQd6X_VgRw,🥝,2026-03-24T08:40:59Z
UCaxmcBCHfGkPUDltQ2lybXA,Mr beast you should recreate the steel ball run race cross america from jojos bizarre adventure part 7 which is the best anime which is going to be created and one of the best manga in history so its going to be peak if you can recreate it,2026-03-24T08:40:57Z
UCWNgRvvVby9WOKQd6X_VgRw,🥝,2026-03-24T08:40:55Z
UCLTHbjAVGUaXpXF917eHgCA,"Darius carried paddling, bro never gave up 🎉😊",2026-03-24T08:40:40Z
UC5JjYXD_IxzpX2yaJTHJ63w,Darius carried fr,2026-03-24T08:40:37Z
UCIlOuCzeByzRZXtWoF01n8Q,অনেক সিন্দোর,2026-03-24T08:40:34Z
UCitoQMdIL2Xo_fTkoYGMq8w,нагло спизжено у егорика,2026-03-24T08:40:25Z
UCkSuXgyPt6NR3wKxvdrG6kg,Spiders eat bananas???,2026-03-24T08:40:02Z
UCXco89wQQB1VS8Gf1FouawA,We got Mr beast playing build a boat irl nowadays 🥀🥀,2026-03-24T08:40:02Z
UC7i6I9K07XX6KWBH1XZrYcQ,Bro. Please support me😔😔😔😔😔,2026-03-24T08:39:58Z
UCS9W2oFKuD-YXdK50meGf6Q,Джимми и эмарк,2026-03-24T08:39:49Z
UC5KnlenVdAkvc9J9s3DICZw,"dude what the fake internet theory, why is every comment the same, and why was there just bamboo on the ground?",2026-03-24T08:39:34Z
UCT37tuloD05RRrsfdww1fgw,The big stein island,2026-03-24T08:39:31Z
UCYHtaCKnDrXXY7UdVLIVeYw,where is tareq,2026-03-24T08:39:26Z
UCI1Vcs57tM2PPLCHa_bDGtA,Mack make the same video 2 week before,2026-03-24T08:39:22Z
UCS9W2oFKuD-YXdK50meGf6Q,Вместе а не сила 💪,2026-03-24T08:39:19Z
UCBAH2rXuiZzGXcJ8DcX8ZuA,Thanks for (732 Subcribe)😢😢😢😢😢😢😢😢😢😢😢,2026-03-24T08:39:18Z
UCbZStsqDFFgTxd9xe0yVyjA,Wah one night halt in island not terrible.,2026-03-24T08:39:00Z
UCUX3i5C4603NVC8sYBRe-EA,Oh my god 😂😂😂,2026-03-24T08:38:24Z
UC49QIbHBsLkGL-zt5ZsDDng,W darius 🗿🔥🔥🔥,2026-03-24T08:38:17Z
UCS9W2oFKuD-YXdK50meGf6Q,Мистер бист самый крутой блогер и его друг Марк Робер👍,2026-03-24T08:38:06Z
UCpZR5Qy8PuEx5UJRH8PzCUQ,Дариус лучший ❤,2026-03-24T08:37:56Z
UCpZR5Qy8PuEx5UJRH8PzCUQ,Дариус лучший ❤,2026-03-24T08:37:50Z
UCFD059lY31XdO6lAeBzeDZg,Mrbeast frod your video is coming challenge but in money I am in India,2026-03-24T08:37:46Z
UCxHggORsgBHdPHX9tjvEgVw,yes,2026-03-24T08:37:42Z
UCAZ-N0oII0T2TSVNxJsvGdg,w darius,2026-03-24T08:37:39Z
UCqBe3Tk9P64uL6TojxoCmsQ,Yes very nice video Eid Mubarak,2026-03-24T08:37:28Z
UCquKAYTdmIdrZnwBFDzv9Jg,Iran 🇮🇷,2026-03-24T08:37:14Z
UC1XU43O3c1MR18sbvTWI4Qg,Try again beast,2026-03-24T08:37:12Z
UC0Yjzg3xPpwqNG-vetCILcQ,Allah give u more success ..and give u more chance to donate,2026-03-24T08:36:40Z
UClwwMKbYiEXzh58QIezmpnw,"Darius is like tareq or Chandler all over again, hope to see him more in the challenges!",2026-03-24T08:36:31Z
UCBsfJJu7t2tBkrZp5uQbxiw,Who fills some things are already planted?,2026-03-24T08:36:01Z
UCefqD3ovvcmTFy16_w8wI5g,Hallo im from Indonesia🇮🇩,2026-03-24T08:35:57Z
UCANqa5PwgRAqu0bvH_MTrHg,Darius got trained for this from camp cretaceous,2026-03-24T08:35:56Z
UC3-m5Y7OTOsP2HV4Z3sZBxA,हेलो सर आप हम 🇮🇳इंडिया वालों को चलेंगे नहीं करते हैं हमें भी मौका दीजिए चैलेंज में आने का और आपके साथ वीडियो में काम करने का मेरा नाम भी प्रजापति है मैं ट्रक ड्राइवर हूं मैं इंडिया से बिलॉन्ग करता हूं उत्तर प्रदेश जिला कुशीनगर गोरखपुर का रहने वाला हूं🙏,2026-03-24T08:35:43Z
UCRM-8W43TQMSWtBhyB0MQUw,"Hi Mr. Beast, I'm Adérito Tinosse, I'm from Mozambique, and I'd like to participate in one of your challenges. I want you to see that we Africans are fantastic too. We Africans are terrible too.",2026-03-24T08:35:15Z
UCa3VbOpNcbRXFxAIbbPSM8Q,Darius ❤❤,2026-03-24T08:34:56Z
UC3-m5Y7OTOsP2HV4Z3sZBxA,Hello sar aap ham 🇮🇳 India walon Ko challenge nahin karte Hain hamen bhi mauka dijiye aapke sath video mein kam karne ka,2026-03-24T08:34:17Z
UCTNJhF-c6vzwwei_SB2pjdA,Mr beast videos of white people song superstar video,2026-03-24T08:34:16Z
UC_TG2G9FwyzzdI0_BxuN9VA,😊👍👍👍👍👍,2026-03-24T08:33:49Z
UC5mvqSQKNiz3nNWbujSCxag,Do more like this,2026-03-24T08:33:19Z
UCWlWTV8O_tduHsKUOOPMTDA,Забрал у егорика идею,2026-03-24T08:33:18Z
UCHO_eF9vHe_xRUxeYu3Ij0w,Chinese song good,2026-03-24T08:33:15Z
UCxG-3idwgTXZTmsZUZKcGVg,Darrius,2026-03-24T08:32:55Z
UCgwJEKNmxOKtc5e_sU44svQ,24:18 увольте монтажера это очень плохо,2026-03-24T08:32:47Z
UC0w-HygqUxI1VV5v-Z95RsA,"Small content creators assemble. 
Do subscribe.....",2026-03-24T08:32:29Z
UCYz13_OoE68_dDGxNrxyE9Q,"This video is incredibly captivating, combining high-stakes survival with authentic teamwork and determination",2026-03-24T08:32:01Z
UCrMYaUogzJRbDY3zzUpnKpA,Di ako naniniwala na may drum na talaga feel ko set up lng nla yung drum lol,2026-03-24T08:31:50Z
UCVO7CczJUdkV68uuQISLMIQ,"why you change indonesian audio track:(,",2026-03-24T08:31:30Z
UCq0I-4W1uwkriK2ltAfvpFg,I am ready to take challenges in video,2026-03-24T08:31:21Z
UC9ZwXrItjL5vp2A1k3VVJnw,"i think you all could have done better 
whatever , try again with another challenge and dont lose that time , good luck!",2026-03-24T08:31:09Z
UCHO_eF9vHe_xRUxeYu3Ij0w,please,2026-03-24T08:30:53Z
UCj6HuTUydhCSCaRv08i6oew,Mr beast gift me a ps5,2026-03-24T08:30:39Z
UCHO_eF9vHe_xRUxeYu3Ij0w,I want Chinese,2026-03-24T08:30:30Z
UC9U67yzy_mtiDgTMNXeel1A,리얼  ~  한국에서  시청중    재밋음,2026-03-24T08:30:18Z
UChepErd8YGvNrKzOSD81J_A,bring darrius again!!!!!!!!!!!!!!!,2026-03-24T08:30:15Z
UC3eLrg8D0DweltPmSbqfJhg,"Darius is mvp , I don’t see he go rest W camera nan",2026-03-24T08:30:12Z
UCBL-k3vRHFrAuPgjTKgwlvQ,"Darius literally carried this whole video, paddling till the end. He should be featured more often.",2026-03-24T08:30:00Z
UC_TC11o2LiBcwJrzmIJ5C5Q,mister beast espero me elijas para tu proximo reto siendo de guatemala espero me Elijas,2026-03-24T08:29:59Z
UC4QXa8rK0UxoK0ijDYXHTtQ,I live in Pakistan Karachi ❤,2026-03-24T08:29:45Z
UCiWAvcd70PhVSzHgbIqOzjA,Bangladesh ❤,2026-03-24T08:29:38Z
UCliP3mLA16HErXiiG0mrx1w,sir please organized a game like pubg,2026-03-24T08:29:35Z
UCz0DLbfKRdWNfcbz3T6fMzw,"Hey jimmy I'm a fan of yours from Sri lanka and i have a strange request to make.. can I get the Lenove loq 15 with the ryzen 7 and a 5060 . The reason behind me asking for this is cuz my  dream is to become a youtuber one day but I don't have the equipment to do so. I never played games like forza , fortnite ,valorant or any other game that are like AAA.. I never had a gaming pc / laptop I lied my friends of me having a gaming laptop since I was in middle school now they're  bullying me and calling me a liar . All i needed is sum friends that i can play games with. I'm 16 years old i'm not forcing but just requesting if you  can plz man i'm in desperate need of a gaming laptop i cant ask my dad cuz the price of that laptop is like 10x my  dad's salary. Always been a fan of you since 2021 ❤",2026-03-24T08:29:24Z
UCJWSPzUIB5e7RWUBInqP-Lw,"Mr best 
Please half me 
I need sum many
Please 🙏",2026-03-24T08:29:21Z
UCwJjdPjnMN-ZC5n0TX9RvBw,500 million soon 😢,2026-03-24T08:29:18Z
UC3_n9RF16LVRbMNPpHc-WMA,За Егориком повторил и радуется жизни,2026-03-24T08:28:59Z
UCf3-WN6lCits-Bk8yXbPX-A,Give some support to our clan!,2026-03-24T08:28:39Z
UCKueFaeScADI5RQGuiJj3qw,"выживание на острове, но у нас есть еда, вода, телефоны, спальные мешки и тд",2026-03-24T08:28:36Z
UC4QXa8rK0UxoK0ijDYXHTtQ,Mr beast I watched your new video on that video you take so many new subscribers names and an Iphone 17 pro max and throw that on a subscriber name my name is Arham I live in Pakistan Love you ❤,2026-03-24T08:28:33Z
UCav8yMWbCX6KJ2nsAnmSPlw,Как же джимми украл видео у егорика,2026-03-24T08:28:07Z
UCVanggTzKo2SbwgfpcEHtMg,Love From Bangladesh ❤,2026-03-24T08:27:40Z
UCz-mcTFhK4K0R5xQqEF4qrg,❤❤❤❤,2026-03-24T08:27:28Z
UCwv4EvPdaCJFzRf4lxxatEQ,Ты ахуел?,2026-03-24T08:27:19Z
UCxvEmiJci8RxtDunQtiaSKg,Mr beast is brand of YouTube,2026-03-24T08:26:54Z
UCKe4SQgdGaXSeOimahrL8cw,chandler is useless,2026-03-24T08:26:29Z
UCJIHBQ7yKdhfussD6uXb3nw,Kon kon india se he 😊,2026-03-24T08:26:14Z
UC26wvObDlqiGCWwypHg-x7g,i very  miss you Your come kailali nepal,2026-03-24T08:25:41Z
UCkZTzBWOZwLvgvgsHlBWF0g,Make video's like Man vs wild,2026-03-24T08:25:32Z
UCbNDzqp1S9JxYpmB9ycJzHA,darius the goat ma man is the mvp,2026-03-24T08:24:32Z
UCyCoh3hOVRAIwViD7XoDIwQ,Pls try again,2026-03-24T08:24:31Z
UC5t0uwy9e-AbkCTntwsu-Rg,You set all barrels in a beach,2026-03-24T08:23:54Z
UClNO8cX50uSlbsg8-CwonKA,Oʻzbekchasi qachon chiqadiiiiii,2026-03-24T08:23:50Z
UC4gK_e-Qf-wUaM8wWxxTZXw,Kya aap kuchh madad kar sakte hain,2026-03-24T08:22:52Z
UCaAqhbYmMyUkZ-kESejrEIw,*_làm video như thế này thấy rất hay đó mrbeast_*,2026-03-24T08:22:34Z
UCnye8osApXtP7E9CvYPUsEQ,Video fake,2026-03-24T08:22:32Z
UCuNpWd_7gKlnutsNCoGvSMQ,I like darius hes just chill,2026-03-24T08:22:27Z
UCs45p_kYOpjAQASy3XrWh1w,Where the voice MR beast old?,2026-03-24T08:22:18Z
UCWGoRHsmoyCkb91bpNNBd3Q,26:24 R u excited were almost there💅👅,2026-03-24T08:21:55Z
UCAs5Rd36ojtfgppxjJMRUVg,Э украл видео у егорика,2026-03-24T08:21:26Z
UCPIClEnJycVOnSpKLhgVGoA,The temperature in Thailand is 51 degrees Celsius.,2026-03-24T08:21:16Z
UCKfWJx6V7rVqA3pbUxc6bBQ,Darius been paddle for 7 hour that crazy,2026-03-24T08:20:48Z
UCHl6u8fDRqVk0Nz-xshV_fQ,OMG CHANDLER IS BACKKKKK,2026-03-24T08:20:38Z
UCPwmJEgZQE0aWUcRCF8u0bg,I m your fan from Pakistan..I like you so much ..I want feastables...,2026-03-24T08:20:22Z
UC6EZKWVMLl0LJID6qb9u_Vg,Mission failed! We'll succeed next time,2026-03-24T08:19:57Z
UC6lEXh5vYDZ4FVQUPSnbU2A,"I love MeBeast 😊
I love MeBeast 😊
I love MeBeast 😊
I love MeBeast 😊
I love MeBeast 😊",2026-03-24T08:19:56Z
UCGSgsEAsbsf5eQSgFkRfPdA,Bro one job cheya broo plz,2026-03-24T08:19:36Z
UCG2maoK32JnGCvySeulHeAQ,ওরা ড্রোন গুলো কন্ট্রোল করে কিভাবে?   এত সময় ধরে🤔,2026-03-24T08:19:08Z
UCuo8ZxwU_-QKhDF0Dma7UKg,Türkler burdamı,2026-03-24T08:18:41Z
UCGSgsEAsbsf5eQSgFkRfPdA,Bro please one job cheya plz,2026-03-24T08:18:13Z
UCn-3fT_JN04WhFhszHmFHDw,Camera man is black that's why he has so much energy,2026-03-24T08:17:58Z
UCejh-YRY7Jbdhc_J5ZLegJw,"Hello Mr Beast, I am one of your big fans. 
and I am a beginner gaming youtuber. And if possible can you give me a hints or tips on how to get lots of subscribers. 
I hope one day I can become as big as you and a great youtuber like you. Thank you so much. 🙏",2026-03-24T08:17:27Z
UCXzJwQ7zYE-ZJogGpyLzTnw,The cameraman 🗿,2026-03-24T08:17:09Z
UCM5rc5DF7mjRJedMFn7cPjg,Nice,2026-03-24T08:17:08Z
UCCX7dbQ4uTZeS82txIjUShw,Идею у Егорика свиснул,2026-03-24T08:17:05Z
UCrSss4oI3MeSgr8KP9bAXZg,"I like the realistic part of this kind of challenge. 

Sometimes in life, you may have given your all out but things may not work out at the end, but the effort to try till the very last drop of energy, it's worth the journey.

As we wouldn't know how close we were until we stop trying.",2026-03-24T08:17:05Z
UCZhNdIxUy0LlT8yJyGzWBxg,Cameraman never diea,2026-03-24T08:17:04Z
UCO0JSU-cXANZfCEkHGnPdWw,Mr beast india me a kr kisi bhutiya place pr 30 rukne ka chalenge kro,2026-03-24T08:16:16Z
UChhBvghXYZwhKuK_jtJR-hw,Cameraman never dies 💀,2026-03-24T08:16:11Z
UCnBrR9YcXSWZkw3OIIyUL8w,Retry please,2026-03-24T08:15:10Z
UCKsxtKeEwbX0nqo0n7v0EgA,шкред?,2026-03-24T08:15:07Z
UCF-l0IqzdYT9hCwM8rp_S4w,More darus,2026-03-24T08:14:38Z
UCMNo6gTQRelK_hVOdXoN5SA,Suiiiii❤,2026-03-24T08:14:25Z
UCty6BsC9s50DFm0I7Bbdvjg,Can u make chalenges in other countries like arab like jordan pls and kids❤❤❤,2026-03-24T08:14:19Z
UCWlAI1-QNJ5J6-BC9ud1Ilw,Army India theke bolchi,2026-03-24T08:13:57Z
UCsiliCW3F9FDxNpYNbAImRw,W for Mr beast ❤,2026-03-24T08:13:53Z
UCBUThRfHcq2j5M_XJ0fuPSg,"I've got a copy of the album and I've got a copy of the album and I've got a copy of the album
😅😅😅😅😅😅",2026-03-24T08:13:48Z
UCock3SgrWao8cMuERTyCybg,Frist ever fail on a Mr beast challenge but you guys really did your best and it was not eassy,2026-03-24T08:13:21Z
UCQewXQT_YIemAZQ1PAX7PoA,бро ты своровал идею у егорика,2026-03-24T08:13:06Z
UCjMDt1kbVvxFgmj8BQX-72A,why change the Indonesian voice,2026-03-24T08:13:02Z
UCJn0zeDENZUqgEfAATadyoA,Пародия на егорика,2026-03-24T08:11:34Z
UCWV_HX5Fjjy5TVHdEZYSJqw,Your seeing this comment is as impossible as my dreams🥲,2026-03-24T08:11:01Z
UClLXIPsS7M8zsoyR1wfOi-A,"""sometimes its nice to get dropped off on an island with your 4 friends"" no way?",2026-03-24T08:10:58Z
UCtnrhoue6VuawBRCqWMa5cg,Супер відос!,2026-03-24T08:10:49Z
UC56JZ9yVfhJzz0Z3uZg3w5w,Hy beast come to India buddy...❤,2026-03-24T08:10:43Z
UCRo5HQvcyx5y4rnbEm1TlDA,when they was in sea then where the cameraman?,2026-03-24T08:10:22Z
UC7KS90XgFec-n5vWtW_sKUg,если выживание не Егорика - это не выживание,2026-03-24T08:10:22Z
UCxA4PHviCi57CvmyrT7Sy6Q,Mrbeast lost !,2026-03-24T08:10:16Z
UCWgvd47snqD81rTRBu1ZSpA,22:45,2026-03-24T08:10:02Z
UCFXeB0rPiE1jyv0r6dqtl5g,"Bahasa Indonesianya lebih bagus yang sebelumnya😭😭😭
Yang sekarang jadi aneh😭😭😭😭😭😭😭😭😭😭😭😭😭😭😭",2026-03-24T08:08:56Z
UC2NEiaNsacDGFB-WrMyiwmg,Ça va,2026-03-24T08:08:10Z
UCjEBqzlQ9Mcc3DADp3hN1Uw,Now i can learn many language from this❤,2026-03-24T08:07:38Z
UCtXalqJXonueZ3vNavuIKBA,"Yes, so long as Darius is included in next video and he doesn’t have to carry the team haha",2026-03-24T08:07:37Z
UC_2Se9uY7t4duYWqwIY8sHQ,Нужно видео где ты проведешь в ловушке неделю на острове Эпштейна 😅,2026-03-24T08:07:37Z
UCVL82ImL3GyiiRTMzVhf9-g,Kok berubah suara dubbing indo,2026-03-24T08:07:04Z
UCWn-0uEE9_UnPPVEd_cxnAw,"У егорика спёр, ну ладно Егор сам эти. Гордиться",2026-03-24T08:06:46Z
UCKfz8nqcXN81YE1KaukASSA,i really miss this kind of videos with jimmy and his friends doing survival challenge!!! also i wonder where Mack is? havent seen him in a while,2026-03-24T08:06:41Z
UCexhzvSZaK6Qh2pA4JIN_uA,Put all the barrels by himself then go for a content😂,2026-03-24T08:06:39Z
UCMkoVxE4oav6gm-VeGL_ZNw,বাংলাদেশ থেকে কে কে দেখেছেন ❤,2026-03-24T08:06:18Z
UCJyiM67mARqgG8TbqTQdPXA,"bro, I prefer your old voice",2026-03-24T08:06:02Z
UCVnpBrdJvhyjY-NCmeYhCYQ,Then make A Giant Robot in Roblox build a boat,2026-03-24T08:05:38Z
UCQdy_cSZPESJbBXEZPeZawQ,Я один  русский,2026-03-24T08:05:33Z
UCRMu1AlooUf01n9sn3RUuCw,Bhai Save Aravali Mountains,2026-03-24T08:04:36Z
UC7rY-cJoxCC71OMjWCQWgWg,"Hello, take the Russians in the video, they'll show you a master class.",2026-03-24T08:04:36Z
UC9UP1Be7MLH_k-aUAquRCGg,From india ------------👍🏻,2026-03-24T08:04:32Z
UC-qWlS0C5omp0rB3_feZG2A,Fai un altro video,2026-03-24T08:04:04Z
UCVWldtRTIvENAYPNcpgCfig,Please support me 😢😢,2026-03-24T08:04:04Z
UC4-Kjy4zv7idpMxGp4yugXQ,CHANDLER THE GOAT IS BACKK,2026-03-24T08:03:35Z
UCqWwbjbLdBGa1cyY-DVzlEw,"Mr. Beast, come on, the next video will be about survival on an island with an experienced blogger who makes such videos.",2026-03-24T08:03:26Z
UCfsvQSL7RZCc7nSFtUt93Rw,nt,2026-03-24T08:03:06Z
UC7o3Y_PP_7U4WWvaNN900Ng,first time seeing mr beast failed a challenge,2026-03-24T08:03:01Z
UCdFnqoArz8K2pNc0xykE58g,Iam new. Support team 🎉🎉🎉🎉🎉 8:13 8:16 8:17 8:17 8:18,2026-03-24T08:02:31Z
UC06Dg5RKT3VGBHqu20RTKPg,Suara ( dubing B.indonesia ) aneh suaranya,2026-03-24T08:02:17Z
UCz4eeK4HaPbgFrwCNl9F57A,i am your new subscriber,2026-03-24T08:02:12Z
UCIsdg-wUnbA2-sK5cq1BHzA,The dubbing is weird I prefer the previous one,2026-03-24T08:01:14Z
UCPKysjSJPEbRBh3xIb-6iUQ,Ain't no way mr.beast has those kind of muscles as in thumbnail,2026-03-24T08:00:11Z
UCkF1FgM-QUrwqBo5mjmFnsA,Watch the steps on the dirt i dont think its of. 4 5 person,2026-03-24T08:00:01Z
UCOe9F_7UCFqA1da7RNu50_A,7 days not sleeping challenge🎉🎉,2026-03-24T07:59:56Z
UCB6E_D8l7kcIAf09-QDlLyA,We want crish back,2026-03-24T07:59:36Z
UCsL-LiP086U5roZ_tYsmOYA,"Что-то тут нечисто, сначала Эгорик снимал дни на острове пока плот не построим, теперь этот, и кто прородитель",2026-03-24T07:58:52Z
UCbWItuaT8HA6N6C4T7kRRlQ,30:13  The End 😂 Time Waste,2026-03-24T07:58:48Z
UCUEwxHwXkSiIJAE410jx7rw,I think its Dafen 1 idea,2026-03-24T07:58:41Z
UC2ewevxYT7g-vnMPiwr87XA,I'd do smething like this for some money,2026-03-24T07:58:18Z
UCxt28CUtlxd93K_gBeHNxyQ,укал у егоика,2026-03-24T07:58:03Z
UCcOmsR9xOULSuEvx817QfKw,"its too many comments 
but i just wanna say i wanna play a game tooooo ,🫠
Rahat from BangBangladeshi 🌹",2026-03-24T07:58:00Z
UCpdrQGF1qE19oVeLdjPIc0Q,The construction strategy was amazing,2026-03-24T07:57:51Z
UC7ZUsSjAxRMKe8DCrU-Pkhw,У Егорика выживание лучше,2026-03-24T07:57:50Z
UCuCVppldNJplLniBzMaB8aQ,"╔═╦╗╔╦╗╔═╦═╦╦╦╦╗╔═╗
║╚╣║║║╚╣╚╣╔╣╔╣║╚╣═╣
╠╗║╚╝║║╠╗║╚╣║║║║║═╣
╚═╩══╩═╩═╩═╩╝╚╩═╩═╝",2026-03-24T07:57:29Z
UCMspGFTfh_nIEaT0t8UUEgw,Send me  half a million and I'll give you my answer,2026-03-24T07:56:25Z
UCxW8n36Lcx7p1u_ZOx9E7DQ,One number bhai,2026-03-24T07:56:12Z
UCJ7AmTIzCjveJ2cGJ73GmIw,“And then very safely set up the campfire *nearly sets hand on fire*”,2026-03-24T07:56:02Z
UCUieCJMEwB0-Kfo1yuRXzZQ,😂❤😂,2026-03-24T07:55:58Z
UCkHKcDlCvQP0QaZwL_eyz_w,29:10 is it a lost cause?,2026-03-24T07:55:22Z
UCK6JQqtZrqwc2rHNcJvH-1g,What about the sailboat? Did you just let the ocean take it?,2026-03-24T07:55:13Z
UCzkDjEiWahl8rCbxdxteqsw,Subscribe dosto,2026-03-24T07:55:10Z
UCzwtXUh_eiJADzgZVinW8zA,Mr beast channel❎discovery ✅😂😂,2026-03-24T07:54:38Z
UCNRlW-3k5-xMjyVEZtZlP7Q,у егорика идею украд,2026-03-24T07:54:31Z
UCzhZwwwXw4p2pjXldJUcI_w,Darius tuff,2026-03-24T07:54:21Z
UCuPd39VCvZjdLYBT9zLl4nA,This video is so fake they are going opposite direction whenever they paddle but after cut scene they are more close to the island 😂😂,2026-03-24T07:54:01Z
UCTI0R6Yrt1v0-QxvggvXXTw,I am Indian and getting flashbacks after seeing blue drums😭😭,2026-03-24T07:53:53Z
UCNtC8NtZVJ6JmFKxmj8m4Jg,I love your video,2026-03-24T07:53:29Z
UCZngpbysIHA-RzSnSaLfN6Q,"Hi mrbeast me bhi hun 
Kia AP mujhe apni video me bulao gh🎉",2026-03-24T07:53:15Z
UC2FRYbZG9NQPmayJd2PYVhg,What a corny fake video,2026-03-24T07:53:15Z
UC8ttLu-P295B_mISUG6M8CQ,Who likes this video Mr. Best?❤,2026-03-24T07:53:05Z
UCANKvMg06aINHVWVJBQrYnw,You guys should go find the One Piece,2026-03-24T07:52:17Z
UCdfpwOHnXGBdXRUvM5N_-vQ,suara berubah,2026-03-24T07:51:34Z
UCIC6AjhpNobkfw0SmAiZtUA,"Yes,boys should do 😊",2026-03-24T07:51:19Z
UC5WzJD2cTKlPDuwjzso1RuQ,Definitely need more of these videos there always the best,2026-03-24T07:51:13Z
UCTL27LJZlW60gZ5ybXRdGjw,Please give me dolar❤❤❤,2026-03-24T07:50:42Z
UCEw5Kqf3BPcZGEdMTfLi1HA,spoiler: they didn’t make it,2026-03-24T07:50:40Z
UCS9W2oFKuD-YXdK50meGf6Q,👍👍👍👍👍👍,2026-03-24T07:50:33Z
UCTL27LJZlW60gZ5ybXRdGjw,Please send me dolar❤❤❤,2026-03-24T07:50:05Z
UCSQHK84AiV5hM0w7V82kE8A,finally a mrbeast video that actually feels like one,2026-03-24T07:49:54Z
UC7OT6vzcNSmieEMEXLmddmw,"Darius was making a lot of sense, not sure why red shirt guy was so against his ideas",2026-03-24T07:48:46Z
UC07P-FEC2WGp81fBaIizGEQ,DARIS never dies,2026-03-24T07:47:56Z
UCsNi2X-LQs9LP8JZLzUXKnA,"Bro, kenapa translate bahasa Indonesia nya jadi berubah 😢",2026-03-24T07:47:47Z
UCDVHu-dcjtHQe130bDrkLuA,"Really love, it almost look like a real life adventure which is of course it is!",2026-03-24T07:47:11Z
UCpP-7xidYzk4wyLpNZ4CLFA,привет джими мы видели уже всё осталось для топа тока полёт на луну я думою с деньками у тебя всё в порядке видео с космоса было бы очень круто,2026-03-24T07:47:09Z
UCTQOFbIV52EdwKDe5BxBq7Q,"In the future, you guys should do it again like a remach",2026-03-24T07:46:53Z
UCc62CjfUodPfTdzWR8uCZYg,Maybe Mr Beast is planning to replace someone with Darius 😢❤❤❤,2026-03-24T07:46:20Z
UC_HZ0cMz3Su4pSDp46vcp6w,"Support please 
😢",2026-03-24T07:46:14Z
UCuCnnGqLBLKinUyfYjDM1Rw,Mr beast give me i phone 17 pro Max,2026-03-24T07:45:59Z
UCuCnnGqLBLKinUyfYjDM1Rw,Me beast give me i phone 17 pro Max please,2026-03-24T07:45:46Z
UCIWu_ZcEUHcd8BeWE9BiHcg,Lamz does a small challenge,2026-03-24T07:45:10Z
UCT8-jg8Ws7Z-E87KYBDj5KA,make a chalenge with wolf pls,2026-03-24T07:45:05Z
UCDVAWdN_SXwm3QsNoswOhdA,無價的經驗，棒。,2026-03-24T07:44:59Z
UCVcQa_xlwQqnuJcPrW5SkUg,You are crasy,2026-03-24T07:44:52Z
UCVcQa_xlwQqnuJcPrW5SkUg,You are crasy,2026-03-24T07:44:51Z
UC3ZtiD2gSFI57XSHEn0tpbA,Me❤❤😊,2026-03-24T07:44:47Z
UCsIi9w3Lq2gTOC37LH7lMLQ,Лайк!,2026-03-24T07:43:44Z
UC4L61h81VkRUoAeuknI88Fw,MrBreast can you help me please 😢🙏,2026-03-24T07:43:34Z
UChFOqLTYLl4PvfVQu2wK61Q,Mrbeast can you call Monika and Jim  from the Beast games please!!,2026-03-24T07:43:04Z
UC7aFI829IDzlI65PlPCdK_w,Jimmy😂,2026-03-24T07:42:55Z
UCxYL1alpPkC6tSxytSsOzYA,uh...is that Odysseus?..(yes im a etm fan.),2026-03-24T07:42:14Z
UCbfbeOFLsJWtQmSCYMKP_Fw,I love how they find those perfectly cut logs..,2026-03-24T07:42:07Z
UCW6-EuiNC47l2fULoyJEIyg,"seeing darius reminds me of chandler when he first came and EVERYONE was commenting ""he should be in more videos"" Darius was a G in this one......hope to see him in more videos!",2026-03-24T07:42:01Z
UCNQoYd09f8ID_DXdAzg8KWA,У егорика списал,2026-03-24T07:41:31Z
UCtx1fFQagowferejHr-UYxg,So u just gone break my shi,2026-03-24T07:40:47Z
UCgdWUfCY691HSSAW86lypLA,шикарно,2026-03-24T07:40:46Z
UCp2WZ1RgazqRlvQpC3F5Y_w,please give me 10000$ 😭😭😭😭,2026-03-24T07:40:43Z
UCeQn3uu6DUKaaLn1H41_n-Q,But how is it not night yet,2026-03-24T07:40:21Z
UC4Gbn6MyVwM-D4UeGmge1XA,کیا آپ مجھے چیلنج دے گے,2026-03-24T07:40:08Z
UCs4Z7fKl2PG9Wa-ctgtE8wQ,Justice for Nolan,2026-03-24T07:39:53Z
UCeQn3uu6DUKaaLn1H41_n-Q,MVP is darrius,2026-03-24T07:39:35Z
UCk6f81SjgC80NWQn8IBIwNA,Напиши ручки,2026-03-24T07:39:28Z
UCNnNM9-qFr8rR8UqwV-_Pxw,Взял видос с егорикм,2026-03-24T07:39:26Z
UCKmUp0DeCQovakKW2RhTbiA,Hi,2026-03-24T07:39:20Z
UCKmUp0DeCQovakKW2RhTbiA,Hi,2026-03-24T07:39:12Z
UCKmUp0DeCQovakKW2RhTbiA,Hi,2026-03-24T07:39:04Z
UC2fHTLB2QDeQ_nfZ2VpGerQ,Brother could you give me a gift? I have subscribed to you.😘,2026-03-24T07:38:57Z
UCKmUp0DeCQovakKW2RhTbiA,Hi,2026-03-24T07:38:55Z
UCftVlvmn0DJa6Litz9LENhA,Roblox,2026-03-24T07:38:39Z
UCRCTBkXtYXku34tCuc55eZw,Odds the blue containers were planted there they have no sign of floating in ocean,2026-03-24T07:38:26Z
UCIXWCHWwW61z6NIkvMfSAyA,Muy Pronto 500 M sucribanseeeee❤🎉🎉🎉,2026-03-24T07:38:20Z
UCDRi-qmKPpxKRiCEZBWcMEw,Now boring video,2026-03-24T07:38:00Z
UCbW3ncdCPzPzPJDFi-8zWIA,W for Darius love your Energy,2026-03-24T07:37:57Z
UCR7EUFoU68y-pjT4pxKkzWQ,Yess,2026-03-24T07:37:51Z
UCAcpIPFB3ZQp1QkkfOEk3gg,nolan is a wuss,2026-03-24T07:37:44Z
UC-PyculvqTYZhrIrEfQWf2A,Take love from Bangladesh,2026-03-24T07:37:34Z
UCz1q2J7FUu-XGiBM-kqZ8RQ,You stole the idea from Yegor and Paradeevich 👎,2026-03-24T07:37:26Z
UCK4shG4HBzxQwsz7b8l7wlA,Bro tariq is where,2026-03-24T07:37:00Z
UCZVQGAqdYHTLKKBZ5dUTFRQ,W camera man,2026-03-24T07:36:20Z
UCfHfkEuaqnJOcg1OtstHylg,“We’re going to that island”😭✌️,2026-03-24T07:36:13Z
UCotJBlPK1iAwjptgCSOC1-g,Make me famous MrBeast,2026-03-24T07:36:02Z
UCswEOzWfPgBh1YWa6GLGJ9w,W Darius,2026-03-24T07:35:35Z
UCBftxQdVEVA4H8I6dlwgjcQ,tidak kalian sudah berusaha kalian sangat keren,2026-03-24T07:35:32Z
UCzTmQMtxI1bzEZHkpkvAnNQ,Hello Jimmy sir 🎉🎉🎉kese ho aap. Maine apne exam me best kiya.ab next ke liye ready hu. I know I am selected.and I will do it.,2026-03-24T07:35:29Z
UCO4X9VhHAcIudj2PGscdmeg,Why did the Indonesian voice change?,2026-03-24T07:35:22Z
UC6oa7FLVbUdZToRhP4rzHBQ,Украл идею у Егорика???,2026-03-24T07:34:50Z
UCehxXgsOUpvagUu2AqbGHgQ,Camera Man Batter Than Chandler 😊,2026-03-24T07:34:50Z
UCyd2248aII4cLFXrsB1KCzA,aku tidak suka video ini dubbing Indonesianya cacat,2026-03-24T07:34:39Z
UCZhR1yxDrU458rFm9mZiYGQ,dubing indo nya kok beda aneh jdi nya,2026-03-24T07:34:27Z
UCLkqHPjlY6YdIxYjGDdHfkQ,🙂‍↕️ yes,2026-03-24T07:33:41Z
UC5uVcfilpL550FSIpFjrHew,Respect for Darius,2026-03-24T07:33:25Z
UCgeadvNcix7eR3YSWb_3BWQ,축하합니다 한국어 댓글을 발견하셨습니다,2026-03-24T07:33:24Z
UCsD876cKoemVC8xv0QpYocw,Mr beast❤,2026-03-24T07:32:57Z
UCMUvIA0he3Lx77c6-oqTdBQ,14:58 HIGH TIDE LOW TIDE MY COMPASSS WAS SWALLOWED BY THE SEAAAAAAAAAA,2026-03-24T07:32:55Z
UCp73fdEXpDgRUENG5b0BEBg,Дуже чудова пригода!,2026-03-24T07:32:36Z
UCD5YreCcmfVpvcUsJatFaJg,Darius is the best <3,2026-03-24T07:31:17Z
UCd6JSV5yV2Wy_OCjMi86FVA,Recruit srius MrBeast,2026-03-24T07:31:11Z
UCza563YDNHBbTeB85HilCYg,why did you change the Indonesian dubbing it's so bad,2026-03-24T07:30:40Z
UCp4g-fTX0gzvIv664WSa6lA,16:28 🌚,2026-03-24T07:29:59Z
UCnxqhTDVI9zZoKuiB3BhAbg,",@APEXEDITS110",2026-03-24T07:29:53Z
UClg0ylQjt0pa106IB80eZuA,Gow,2026-03-24T07:29:45Z
UCBB01E9vUeBvTQTWrEw0hVQ,Those who miss kris,2026-03-24T07:28:56Z
UCnIhh1D-GOou4qJpj-zusag,Beast island,2026-03-24T07:28:54Z
UCiG8nxy0wegkkGmWZi7m-WQ,МММ сплагиатил у Егорика,2026-03-24T07:28:48Z
UCPK0m8giw-oKfEEqyCbWFFg,Нолан баласт,2026-03-24T07:28:33Z
UC9wyQD0GdQNtX-l_R_DZTnw,26:43 never seen Jimmy so happy 😂,2026-03-24T07:27:15Z
UCUlq8NHbwzHF2Y77MiwaWtw,Let 2 teams of 5-10 ppl each compete by building a boat and sailing to the next island,2026-03-24T07:27:13Z
UCntIxewVwUDuKLur8hjDSNQ,உங்கள் வீடியோ பார்ப்பதில் மிக ஆர்வமாக உள்ளது எனக்கு,2026-03-24T07:27:06Z
UCO85AP3HECXt5tlRvT8_m7Q,Wow,2026-03-24T07:27:04Z
UCO85AP3HECXt5tlRvT8_m7Q,Nice video ❤,2026-03-24T07:26:54Z
UC4katJNSoja8y4GNUPYiJLg,I really love Darius work ...🙌🏻,2026-03-24T07:26:45Z
UCj2CBek1V1pxMOwZJywV7SQ,How many videos have they been faking?? Pre placed and pre cut logs like cmon,2026-03-24T07:26:26Z
UCJODf5klJCCOlKyMLBfZTRA,Y no comieron jajaja,2026-03-24T07:26:08Z
UC0IhNRqovPVkhxmjZG3LCNA,I have subscribed you one year ago❤❤❤ love you from India,2026-03-24T07:26:08Z
UCPmqcBu_y2Przqc0UbS05FQ,Are you OK,2026-03-24T07:26:01Z
UCMOyPsYq4zdxUGQxgduljMw,жалкая пародия,2026-03-24T07:25:02Z
UCnUH-ukY1wxqwfvAymywvOg,W Cameraman ❤,2026-03-24T07:25:01Z
UCk9QAhLgMNElVN78mpTz1jA,Hi❤❤❤❤,2026-03-24T07:24:45Z
UCf9EN08wgGXlnrwkmeN77Ag,Where is kaal,2026-03-24T07:24:44Z
UCKihTyYYF2AVMcqKjFph46Q,🇧🇩,2026-03-24T07:24:37Z
UCdgAFK8_m5NPwg-RIoZHmoA,U guys almost died,2026-03-24T07:24:36Z
UCv5HkUanNtOLCb_bdBcxG0g,Big fan of karl's mom!!❤,2026-03-24T07:24:32Z
UCMAglQhvlAGbzcSltpYgXLw,I like video,2026-03-24T07:24:22Z
UCfT3SJkAKfjFV3oVjNTg3Iw,А я ждала Сашу Монтажника который бы спрятал пряники в панаме,2026-03-24T07:23:46Z
UCXau12Gg_ot3IpQsF2O7Q8w,🥹🥹🥹,2026-03-24T07:23:26Z
UCvKB9bEmn_FSGABTCKgG5Gw,А мистер бист был на острове Эпштейна?,2026-03-24T07:22:59Z
UCFbvO_ijR5lPzDZIrTDLmYA,I will try  challenges india people rajasthan kotputli behror neemrana madhosingh pura name chirag saini ITI,2026-03-24T07:22:39Z
UCXUt-Ldexsr1RM23u77p5Iw,Chandler's back 🔥🔥🔥🔥🔥🎆🎆🎆,2026-03-24T07:22:20Z
UC4zfqcHcPy4mNDPkA1p3Mjw,"This video is so sick, bro. Nice.",2026-03-24T07:22:12Z
UCGOYENAoZWncp2g7lDL8JfA,"Why is the Indonesian voice actor different? Oh, I think that's really annoying because the voice is different and very foreign.",2026-03-24T07:22:06Z
UCtQ3z9Nku7_hMN_kOrDqF2A,vote for mr beast vs sumo pehlwan😅😅,2026-03-24T07:21:26Z
UCZoPtl0VzPJKaDb7alv8e5g,F or f ?. B or b ?.,2026-03-24T07:20:55Z
UClJ1U7oyIk7IQgJ4g-oK-jA,I(5+5)vey(5–5)u🎉😂❤,2026-03-24T07:20:50Z
UCd6kYnrJani3HGR_FYUKnMg,I love your videos,2026-03-24T07:20:04Z
UCKdCPVoguKYBeeH3l1Qskkg,"ayyo why Indo dub changes, that's bad change",2026-03-24T07:19:55Z
UCoJkgEF5D6vV7_B3CZN5-wQ,dubbing indonesia terlihat berbeda,2026-03-24T07:19:53Z
UCMobt1ixNEb6mrFHNw_Lhzw,@mrbeast . I wiil came for you weil your challenge play 🙏,2026-03-24T07:18:53Z
UCwfa6iYPmMjhMjhhhzETlhw,a hole bunch of rich mex trying to get to an island sounds famila,2026-03-24T07:18:53Z
UCG-EGc-VIJJRTVnHSlPQHEw,Script 😅,2026-03-24T07:18:37Z
UCG99CUCSzAVmZEewJx3aLfg,go myanmar?,2026-03-24T07:18:33Z
UCnjoHL_KZa2sA2aMl_dC5Qw,You did it guys love you ❤ 30:00,2026-03-24T07:18:30Z
UC2Vd9ogOvf5c-pzXatVCHpg,If you love mrbeast so subscribe to the🎉,2026-03-24T07:18:11Z
UC4LBd3q4Xm4zLiCYqcs5KXg,❤❤❤❤,2026-03-24T07:17:43Z
UCaUFyKWyGxQ19v_EOREQNvw,Cứ rảnh là xem kênh ông này rất hay và ý nghĩa,2026-03-24T07:17:30Z
UCPmUJ4jstJUtdxtcDNz6Ssg,Nice boat,2026-03-24T07:17:14Z
UClxl3qG6h9qEFEAX7YJNXCw,Bring back,2026-03-24T07:17:13Z
UC2R8-iyYLu3A9QHlr2DWyzw,Wy,2026-03-24T07:16:22Z
UCuuNKmdMepowbBZYCLaCQ9A,I sir I am indian i big fan can u give aa changes,2026-03-24T07:16:16Z
UCokr2CdFL2voQ0OBqkKsQ7Q,is ok bro,2026-03-24T07:16:13Z
UCo4tEvx_jTwy0jFrxV5pAYA,One more 😂😂😂,2026-03-24T07:15:43Z
UCENSdjrk0-kDOu-PK5Ios3w,darius was the goat,2026-03-24T07:15:41Z
UCMGb_sLM-3Q3hXrsE2W3AQQ,राम राम,2026-03-24T07:15:18Z
UCbduo3QLIFbNAnCTlqaawUg,Wait why is the Indonesian version voice actor different?,2026-03-24T07:15:15Z
UCI7_X_ZhtQAUYEd5Fxdr6gA,Мистер бист капирка у егорика лучше ❤❤,2026-03-24T07:15:02Z
UCy5gVQcJRAbyi1x4Kq5nqRg,😂,2026-03-24T07:13:51Z
UCr_25kDnoccDFfkXOmtBa9Q,Board exam ki kasam jo subscribe nhi kiya vho exam mein fail pakka 😢😅,2026-03-24T07:13:35Z
UC8F551nvLRoQVuMQe5expEQ,"W Darius,oh and welcome back chandler",2026-03-24T07:13:34Z
UCcc7b-UcTBKxPwa8J3wwlLg,Nice video🎥 mr beast ❤❤❤❤❤,2026-03-24T07:13:20Z
UCmnonuAJvrYZAHCxwX6SOeQ,if MrBeast support me❤❤😂😂😂❤❤❤❤❤❤❤❤,2026-03-24T07:13:13Z
UCYiqsUZTDl8JyWx6uTftRFg,Nice  ❤❤❤❤❤❤❤❤😂😂😂you bhai 🎉🎉🎉🎉,2026-03-24T07:13:11Z
UCraFF_z3co7zMloAPP3MjQQ,Darius is my GOAT bruh,2026-03-24T07:13:05Z
UCnT5FPE5B1Wk61_PMocrVOw,Mrbeast looking for the one piece,2026-03-24T07:12:43Z
UCVQSi0PbvfrkNAEib-40uDw,Ubah lagi suara mu beast,2026-03-24T07:12:40Z
UCyFHJCnh6IxBLBd2Anqf2VQ,অনেক সুন্দর হয়েছে 🥰,2026-03-24T07:12:33Z
UCmnonuAJvrYZAHCxwX6SOeQ,Hi guys! thanks for 530 subscribers❤❤❤❤❤,2026-03-24T07:12:27Z
UCDJMSkJldZz1llPPQgPUqcw,আমি তোমার YouTube channel  subscribe করছি,2026-03-24T07:12:01Z
UCa87ov6IpSjigvgfMXQxlSg,@SPICYWAFFLEt,2026-03-24T07:11:33Z
UCqNC-zz4BJFPOuXLkq5T99Q,Thank you 10M subscribe karvane ke liye,2026-03-24T07:11:18Z
UCiZPy12uZt4oBsvZAQDiPuA,8:44 only 37 degree celsius only😂,2026-03-24T07:10:53Z
UCiXHAkA7hbBrX_1cgl3HIpA,"Nolan
Va
Bien🥹🏟",2026-03-24T07:10:13Z
UC2R_4L3DwA1QUYrtMOY42-A,Suaranya beda jiir,2026-03-24T07:09:56Z
UC1KYO310R1-epZOOxPbrD6Q,Hi,2026-03-24T07:09:47Z
UCYMSNzE4Fg8a6GGsmsc63OQ,Is this a reference to Yegor?,2026-03-24T07:09:28Z
UCGlpXx2j8V8KWMKzDmR0wQg,Ok,2026-03-24T07:08:58Z
UCGoYi0PnP3Rygac0dXWMbrQ,Romeha is tiku,2026-03-24T07:08:49Z
UCNr3K4_n0cr9FSwwokCubJg,the dubbing sound is very different 😭,2026-03-24T07:08:20Z
UCMjmsMB2zhrK2KZIZq3nIag,60m in 2 days bro fell off😔✌️,2026-03-24T07:08:14Z
UCzEiR8pKPR7MMwgMPIOjRjQ,Mr beast is trying to escape Epsteing`s island 30 minute slide show no ads no paying for watch 😍😍😍😍😍😍😍😍,2026-03-24T07:08:08Z
UCkm2it6AvAVi_JDACXvHnNQ,"I watch your videos, it's very nice. You are a person who helps poor people.",2026-03-24T07:07:54Z
UCk85eYNaLIJW7JNSKY7sKCQ,dubbing indonya kembaliin plissss,2026-03-24T07:07:23Z